timestamp_ms,cha1_clean_phase_deg,cha2_clean_phase_deg,cha3_clean_phase_deg
1786197292000,-437.992741,-82.129370,-74.971007
1786197352000,-431.270060,-75.974238,-68.835605
1786197412000,-425.714985,-72.007095,-64.840555
1786197472000,-421.636537,-66.234909,-59.122659
1786197532000,-416.603606,-69.018709,-61.900444
1786197592000,-412.522994,-62.808134,-55.703448
1786197652000,-410.467164,-62.693991,-55.605619
1786197712000,-408.218159,-61.990533,-54.922629
1786197772000,-409.627472,-65.089584,-58.033923
1786197832000,-403.001774,-59.770309,-52.736030
1786197892000,-405.802728,-63.935123,-56.905406
1786197952000,-366.940485,-62.487490,-55.497699
1786198012000,-339.918676,-61.927581,-60.385019
1786198072000,-336.401275,-65.220337,-58.280987
1786198132000,-381.161146,-62.366460,-55.429561
1786198192000,-417.136317,-81.692731,-74.748707
1786198252000,-396.780961,-63.621399,-56.698399
1786198312000,-397.843480,-66.100369,-59.157282
1786198372000,-396.836058,-65.981380,-59.043823
1786198432000,-389.571245,-60.568967,-53.669499
1786198492000,-393.689524,-65.907540,-59.011233
1786198552000,-413.727813,-65.595672,-58.666289
1786198612000,-395.371815,-64.573005,-57.673358
1786198672000,-416.192287,-63.645904,-56.746008
1786198732000,-382.106031,-62.141602,-55.270301
1786198792000,-416.768670,-64.256505,-57.365973
1786198852000,-394.182865,-64.037197,-57.165682
1786198912000,-383.081414,-66.004610,-59.126188
1786198972000,-380.980843,-64.261743,-57.414789
1786199032000,-376.772220,-61.485253,-54.602381
1786199092000,-396.876318,-64.016853,-57.154193
1786199152000,-372.261555,-60.066724,-53.181088
1786199212000,-374.281529,-62.237683,-55.339287
1786199272000,-371.469437,-60.405090,-53.516400
1786199332000,-268.308729,-63.808346,-56.956445
1786199392000,-373.024236,-60.957613,-54.105921
1786199452000,-369.963914,-63.070348,-56.277163
1786199512000,-417.213082,-91.657996,-58.039907
1786199572000,-398.235011,-63.709951,-56.950750
1786199632000,-326.599118,-60.503594,-53.752848
1786199692000,-361.444999,-60.577568,-53.835328
1786199752000,-438.278539,-63.455391,-56.762782
1786199812000,-738.935997,-62.990840,-56.344119
1786199872000,-747.949995,-63.425975,-56.791653
1786199932000,-717.048867,-62.100581,-55.495141
1786199992000,-729.972821,-61.984597,-55.358683
1786200052000,-728.645826,-63.728606,-57.122089
1786200112000,-712.184084,-61.942975,-55.287309
1786200172000,-720.026332,-61.575332,-54.916651
1786200232000,-717.550028,-63.276209,-56.652082
1786200292000,-709.071718,-64.318269,-57.690936
1786200352000,-762.512921,-59.835554,-53.225326
1786200412000,-823.084058,-62.923750,-56.334367
1786200472000,-723.965006,-62.149279,-55.572869
1786200532000,-751.648324,-63.332471,-56.760820
1786200592000,-699.917926,-64.200830,-57.644047
1786200652000,-698.871527,-64.880860,-58.349009
1786200712000,-693.068585,-61.122575,-54.621126
1786200772000,-691.432548,-60.904100,-54.425926
1786200832000,-691.299258,-62.273852,-55.807462
1786200892000,-693.917504,-66.860792,-60.408070
1786200952000,-693.127211,-67.378227,-60.929291
1786201012000,-695.976264,-70.441167,-63.998297
1786201072000,-681.909604,-60.494039,-54.048832
1786201132000,-688.094192,-67.636242,-61.195584
1786201192000,-696.494849,-69.150340,-62.719363
1786201252000,-693.677190,-159.647483,-55.745510
1786201312000,-687.679017,-157.658573,-56.267291
1786201372000,-683.414160,-164.918168,-63.718512
1786201432000,-680.869888,-156.906537,-55.926364
1786201492000,-675.795100,-160.084479,-59.429562
1786201552000,-677.242558,-164.057575,-63.351688
1786201612000,-688.362011,-130.274598,-53.593067
1786201672000,-668.199386,-59.855023,-54.493495
1786201732000,-663.858980,-59.466596,-54.127726
1786201792000,-661.447970,-66.182552,-60.848603
1786201852000,-661.315075,-61.566161,-56.215403
1786201912000,-658.463021,-59.380194,-54.038157
1786201972000,-661.130786,-64.065675,-58.733335
1786202032000,-659.216221,-63.210613,-57.882994
1786202092000,-656.178537,-57.899006,-52.595419
1786202152000,-655.930152,-62.898061,-57.609828
1786202212000,-651.192384,-60.920518,-55.664379
1786202272000,-649.599483,-60.938452,-55.691592
1786202332000,-646.124031,-58.830755,-53.603824
1786202392000,-645.798905,-60.726127,-55.603954
1786202452000,-673.786683,-63.831160,-58.739478
1786202512000,-690.551410,-59.997112,-54.700440
1786202572000,-654.736173,-62.292308,-55.256767
1786202632000,-656.439445,-78.117954,-67.341348
1786202692000,-679.213289,-60.927810,-57.587255
1786202752000,-636.809325,-62.033407,-57.163533
1786202812000,-635.502341,-58.948343,-54.069769
1786202872000,-674.022724,-65.865000,-61.004203
1786202932000,-663.116715,-62.003896,-57.231357
1786202992000,-644.198326,-52.649788,-38.173735
1786203052000,-627.561734,-60.089846,-55.203693
1786203112000,-643.347889,-60.601145,-55.658391
1786203172000,-624.136144,-60.248022,-55.294143
1786203232000,-623.248699,-61.828362,-56.868982
1786203292000,-633.488788,-73.142423,-68.173539
1786203352000,-626.257450,-65.395412,-60.417769
1786203412000,-615.158824,-58.595828,-53.620716
1786203472000,-628.108694,-68.109261,-63.138226
1786203532000,-612.699575,-58.997834,-54.015509
1786203592000,-611.495198,-59.998295,-55.014851
1786203652000,-608.869147,-58.501287,-53.532626
1786203712000,-626.318686,-77.875338,-72.917634
1786203772000,-606.341347,-59.088725,-54.134182
1786203832000,-611.162556,-70.445108,-65.512826
1786203892000,-610.734161,-67.462458,-62.525474
1786203952000,-613.985354,-71.925488,-66.981314
1786204012000,-602.833352,-62.344794,-57.402845
1786204072000,-602.091834,-64.311350,-59.349858
1786204132000,-599.872851,-62.673773,-57.698303
1786204192000,-592.344414,-57.026345,-52.094907
1786204252000,-595.380347,-59.269000,-54.300155
1786204312000,-592.545038,-61.101851,-56.128898
1786204372000,-585.632090,-55.692703,-50.698116
1786204432000,-600.268781,-71.870827,-66.885431
1786204492000,-585.246090,-58.453052,-53.494659
1786204552000,-589.608603,-64.536923,-59.573773
1786204612000,-595.402597,-71.690596,-66.728230
1786204672000,-575.660371,-58.243911,-53.291236
1786204732000,-589.475770,-69.785201,-64.805345
1786204792000,-577.155580,-59.491573,-54.509008
1786204852000,-572.976066,-57.083791,-52.135277
1786204912000,-575.099014,-60.498161,-55.597009
1786204972000,-570.037210,-56.921372,-52.032905
1786205032000,-568.359892,-57.435805,-52.531331
1786205092000,-566.654355,-57.638860,-52.712241
1786205152000,-565.459330,-57.206780,-52.298004
1786205212000,-561.764003,-55.673180,-50.806356
1786205272000,-581.241985,-59.426921,-54.550319
1786205332000,-613.257396,-58.207052,-53.341027
1786205392000,-572.184448,-71.558846,-66.740963
1786205452000,-560.370099,-61.108105,-56.294471
1786205512000,-556.909996,-59.176936,-54.366041
1786205572000,-556.057621,-59.129145,-54.310557
1786205632000,-551.722312,-56.780106,-51.977842
1786205692000,-559.979649,-66.696488,-61.857492
1786205752000,-549.214349,-58.309230,-53.433439
1786205812000,-561.400204,-71.383003,-66.552134
1786205872000,-554.813574,-67.014696,-62.178745
1786205932000,-549.755404,-63.919379,-59.065309
1786205992000,-554.374909,-70.216462,-65.353012
1786206052000,-540.549099,-58.098367,-53.259673
1786206112000,-539.281414,-58.485231,-54.802375
1786206172000,-538.846679,-60.088967,-55.224323
1786206232000,-538.428822,-61.053278,-56.222712
1786206292000,-532.423303,-55.938319,-51.175384
1786206352000,-531.030162,-55.439003,-50.728592
1786206412000,-538.371431,-64.306412,-59.730891
1786206472000,-543.579340,-71.102543,-66.596123
1786206532000,-529.915098,-56.809939,-52.370751
1786206592000,-532.120214,-62.132533,-57.787077
1786206652000,-526.145552,-59.447097,-55.233408
1786206712000,-549.025527,-69.310933,-65.155041
1786206772000,-529.504977,-64.069023,-59.927035
1786206832000,-520.805532,-55.677020,-51.537562
1786206892000,-528.667023,-65.687952,-61.515364
1786206952000,-537.752393,-75.473372,-71.316691
1786207012000,-531.949179,-57.419150,-53.297427
1786207072000,-516.778336,-57.029908,-52.914875
1786207132000,-515.210289,-57.053145,-52.952838
1786207192000,-515.298210,-59.352626,-55.247975
1786207252000,-514.694197,-57.964570,-53.870110
1786207312000,-511.362340,-57.784418,-53.689826
1786207372000,-507.802995,-55.110290,-51.008955
1786207432000,-505.743295,-52.824207,-48.743410
1786207492000,-504.757538,-54.988564,-50.934324
1786207552000,-558.658992,-57.164765,-53.111885
1786207612000,-508.503925,-57.133749,-53.069714
1786207672000,-507.109918,-61.436987,-57.357757
1786207732000,-507.100221,-62.917925,-58.875588
1786207792000,-437.648296,-57.430618,-53.393708
1786207852000,-510.488601,-68.289073,-64.248655
1786207912000,-495.848293,-55.896933,-51.884994
1786207972000,-493.185614,-54.478895,-50.449392
1786208032000,-497.475120,-59.860098,-55.816649
1786208092000,-506.526131,-70.052721,-66.043253
1786208152000,-489.036702,-54.578496,-50.593470
1786208212000,-497.133525,-63.724738,-59.771858
1786208272000,-499.652153,-67.506220,-63.549737
1786208332000,-488.498354,-57.821326,-53.880546
1786208392000,-578.309289,-62.458783,-58.550629
1786208452000,-484.758107,-56.527636,-52.595569
1786208512000,-484.401415,-57.988050,-54.046439
1786208572000,-478.200229,-52.328590,-48.392594
1786208632000,-438.105276,-58.423617,-54.450136
1786208692000,-388.662972,-54.007956,-50.057501
1786208752000,-478.518777,-57.114937,-53.139117
1786208812000,-478.018992,-57.547472,-53.624706
1786208872000,-489.829628,-70.844878,-66.876803
1786208932000,-501.601076,-61.706428,-57.811811
1786208992000,-501.744594,-52.111488,-48.256292
1786209052000,-352.357047,-55.552501,-51.714066
1786209112000,-351.438685,-55.056644,-51.230410
1786209172000,-466.926935,-53.531589,-49.729341
1786209232000,-462.306994,-51.066299,-47.203657
1786209292000,-468.805000,-58.663616,-54.760550
1786209352000,-477.648575,-62.561282,-58.680534
1786209412000,-465.891825,-58.578662,-54.668771
1786209472000,-410.633686,-58.828329,-54.965400
1786209532000,-466.958640,-56.956000,-53.134905
1786209592000,-460.850537,-57.218296,-53.343324
1786209652000,-455.453508,-53.223545,-49.458907
1786209712000,-451.891529,-54.695972,-50.913975
1786209772000,-462.763999,-59.300459,-55.487655
1786209832000,-456.792962,-58.189743,-54.313119
1786209892000,-458.909160,-54.931899,-51.102904
1786209952000,-459.057288,-57.167050,-53.289850
1786210012000,-449.197532,-53.623431,-49.800731
1786210072000,-448.405778,-55.091019,-51.364416
1786210132000,-447.739304,-53.763205,-50.228970
1786210192000,-458.936777,-65.076133,-61.533445
1786210252000,-457.075234,-72.538750,-61.464355
1786210312000,-454.912286,-65.175849,-61.314573
1786210372000,-455.068574,-66.404675,-62.524932
1786210432000,-443.826308,-56.500831,-52.616876
1786210492000,-445.004426,-58.766837,-54.925311
1786210552000,-440.429968,-56.443679,-52.808462
1786210612000,-435.240724,-53.281524,-48.854636
1786210672000,-434.227271,-54.543536,-49.005300
1786210732000,-436.005247,-54.829894,-51.197207
1786210792000,-437.435720,-58.262928,-54.520754
1786210852000,-431.302479,-53.660239,-49.918589
1786210912000,-434.102559,-54.785232,-50.988708
1786210972000,-433.435828,-58.943545,-55.139073
1786211032000,-433.621874,-59.957580,-56.150109
1786211092000,-431.040059,-58.425066,-54.663520
1786211152000,-431.269629,-60.072005,-56.244158
1786211212000,-431.553367,-61.306798,-57.553896
1786211272000,-429.126420,-60.646153,-56.851917
1786211332000,-427.884071,-59.953637,-56.362052
1786211392000,-420.675964,-53.340299,-49.880438
1786211452000,-419.155696,-53.313001,-49.921814
1786211512000,-420.350171,-55.242178,-51.828769
1786211572000,-433.542148,-64.037445,-67.196866
1786211632000,-423.153931,-61.979976,-58.718039
1786211692000,-425.685940,-64.054641,-60.840187
1786211752000,-430.351865,-70.103239,-66.593202
1786211812000,-418.108313,-60.368330,-56.456939
1786211872000,-420.066706,-63.599154,-60.209976
1786211932000,-403.706160,-49.469611,-46.251905
1786211992000,-406.345772,-53.354442,-50.366633
1786212052000,-399.135743,-45.896418,-43.068152
1786212112000,-409.725201,-58.263424,-55.534292
1786212172000,-405.099124,-53.948445,-51.006735
1786212232000,-409.875195,-59.030314,-56.005579
1786212292000,-408.964344,-59.938275,-57.015218
1786212352000,-409.336575,-62.631232,-59.895828
1786212412000,-403.179564,-58.296707,-54.753144
1786212472000,-399.167087,-63.724200,-60.159773
1786212532000,-386.795992,-45.271540,-42.114806
1786212592000,-388.565366,-47.363932,-44.360923
1786212652000,-388.186474,-47.499440,-44.455724
1786212712000,-387.927467,-48.504446,-45.227605
1786212772000,-396.140634,-57.278238,-53.970983
1786212832000,-400.899704,-63.992382,-60.477947
1786212892000,-395.933642,-59.563976,-56.540214
1786212952000,-383.036817,-48.810180,-45.882944
1786213012000,-395.075492,-52.348296,-49.168034
1786213072000,-390.043483,-55.126681,-50.799688
1786213132000,-396.437200,-65.761814,-62.238527
1786213192000,-301.320505,-67.839724,-64.235112
1786213252000,-393.050161,-65.991576,-62.278046
1786213312000,-366.711897,-46.470471,-43.193794
1786213372000,-362.897936,-38.250400,-35.545052
1786213432000,-366.645832,-41.262768,-38.569844
1786213492000,-373.438795,-48.925046,-45.835909
1786213552000,-381.444530,-59.579123,-56.205608
1786213612000,-383.119894,-63.152378,-59.643416
1786213672000,-373.006412,-55.524560,-51.938812
1786213732000,-503.597541,-62.475373,-59.107410
1786213792000,-464.333018,-61.013959,-57.489450
1786213852000,-371.085237,-57.392468,-53.719384
1786213912000,-362.699750,-43.503135,-40.441298
1786213972000,-366.379195,-63.088956,-59.981437
1786214032000,-371.902823,-54.958159,-51.634537
1786214092000,-369.053953,-58.491672,-54.932131
1786214152000,-368.224940,-61.911690,-58.285602
1786214212000,-358.929948,-53.254179,-49.854203
1786214272000,-358.816298,-53.917471,-50.988695
1786214332000,-361.606056,-50.815370,-47.915037
1786214392000,-374.792663,-69.431477,-66.173865
1786214452000,-358.355440,-56.961681,-53.632307
1786214512000,-354.515572,-53.704118,-50.366845
1786214572000,-347.258393,-48.848348,-45.490469
1786214632000,-347.123399,-48.503503,-45.540132
1786214692000,-351.635393,-53.835139,-50.663299
1786214752000,-358.240091,-60.983174,-57.486585
1786214812000,-363.042497,-67.333090,-63.918107
1786214872000,-347.830127,-54.754072,-51.917593
1786214932000,-344.562720,-53.198022,-50.186961
1786214992000,-362.806183,-70.952965,-67.756162
1786215052000,-359.533781,-60.523319,-57.076002
1786215112000,-343.208842,-54.862796,-51.388585
1786215172000,-343.480640,-59.584730,-56.702872
1786215232000,-347.143079,-60.260088,-57.422051
1786215292000,-343.709724,-67.016597,-56.406374
1786215352000,-324.178543,-41.392593,-38.612760
1786215412000,-348.841861,-63.266506,-60.855653
1786215472000,-330.030841,-49.444832,-45.582941
1786215532000,-347.173871,-65.378769,-62.391653
1786215592000,-326.224545,-52.804243,-49.960449
1786215652000,-341.370494,-63.141467,-54.444374
1786215712000,-333.560722,-55.465449,-52.923091
1786215772000,-355.854758,-79.246852,-76.189425
1786215832000,-177.681590,-53.531683,-50.521083
1786215892000,-342.653261,-69.848780,-66.891972
1786215952000,-329.583217,-57.296712,-54.293657
1786216012000,-333.817687,-62.912350,-60.021215
1786216072000,-324.885495,-54.365171,-51.574944
1786216132000,-318.064474,-48.610579,-45.543594
1786216192000,-327.741784,-60.096625,-57.170284
1786216252000,-392.488071,-60.757172,-57.917959
1786216312000,-328.496061,-61.992006,-58.983379
1786216372000,-335.034422,-71.230417,-67.870591
1786216432000,-315.164025,-55.009522,-52.028725
1786216492000,-338.119758,-47.948218,-45.060554
1786216552000,-331.774153,-69.799248,-67.089209
1786216612000,-334.437327,-79.104942,-75.874779
1786216672000,-317.250018,-56.552660,-54.110737
1786216732000,-309.713414,-55.258637,-52.551324
1786216792000,-313.893127,-67.495363,-64.825137
1786216852000,-309.513578,-57.378827,-54.837219
1786216912000,-320.877606,-68.242672,-65.155076
1786216972000,-308.182984,-65.825023,-53.720373
1786217032000,-315.181822,-63.880670,-61.212373
1786217092000,-305.349950,-54.758129,-52.474303
1786217152000,-292.403529,-43.253850,-41.025686
1786217212000,-302.145731,-52.231981,-49.978177
1786217272000,-300.057409,-51.948109,-49.909572
1786217332000,-292.470025,-45.881436,-43.780263
1786217392000,-311.383369,-68.620827,-65.626030
1786217452000,-236.234000,-49.098294,-46.464398
1786217512000,-283.494857,-40.967169,-38.818369
1786217572000,-296.071316,-61.299475,-58.321192
1786217632000,-294.442961,-52.802820,-50.846025
1786217692000,-287.532759,-43.322383,-46.370051
1786217752000,-305.133119,-66.990447,-64.558334
1786217812000,-294.011895,-57.915154,-55.477140
1786217872000,-304.369519,-68.216480,-65.797085
1786217932000,-283.992225,-48.591385,-47.285870
1786217992000,-276.356299,-40.341275,-39.004384
1786218052000,-417.723087,-55.285916,-58.333583
1786218112000,-310.150400,-81.156924,-78.204445
1786218172000,-301.724461,-72.975999,-69.965111
1786218232000,-281.236144,-67.470102,-61.087282
1786218292000,-282.234664,-57.301503,-54.443560
1786218352000,-293.772494,-69.270598,-66.297146
1786218412000,-297.574601,-68.372974,-65.845536
1786218472000,-290.927574,-67.391817,-65.326744
1786218532000,-298.076559,-73.824855,-70.840706
1786218592000,-256.918508,-46.185951,-43.883968
1786218652000,-221.570473,-66.657110,-63.851427
1786218712000,-285.487968,-70.260410,-67.990975
1786218772000,-265.391860,-54.765688,-52.009414
1786218832000,-266.492431,-54.014141,-51.442834
1786218892000,-255.596566,-53.824751,-51.597835
1786218952000,-275.147852,-66.621561,-63.912813
1786219012000,-261.919005,-57.546970,-54.687638
1786219072000,-253.030615,-51.025016,-44.937623
1786219132000,-261.031249,-62.226491,-60.708971
1786219192000,-246.959681,-43.830814,-42.249813
1786219252000,-158.895785,-63.835768,-62.259326
1786219312000,-99.393661,-55.121528,-53.104181
1786219372000,-238.285671,-40.285108,-38.850787
1786219432000,-265.230761,-69.257696,-66.173591
1786219492000,-148.493693,-53.345524,-51.319960
1786219552000,67.489071,-47.359001,-45.922500
1786219612000,119.975677,-51.539464,-49.440810
1786219672000,100.598202,-63.823729,-62.289499
1786219732000,92.269166,-77.101466,-75.087632
1786219792000,127.765956,-49.501368,-40.361498
1786219852000,119.245740,-50.030633,-48.751955
1786219912000,126.165914,-37.395468,-34.968454
1786219972000,76.904403,-68.517741,-66.171080
1786220032000,118.820054,-55.028799,-52.436662
1786220092000,111.076609,-73.214028,-61.677041
1786220152000,133.708038,-39.422225,-38.374734
1786220212000,-30.116109,-61.905985,-47.977045
1786220272000,130.886947,-51.055732,-48.989899
1786220332000,119.939705,-58.159176,-55.928341
1786220392000,131.321664,-42.292019,-40.200253
1786220452000,166.889028,-48.159856,-45.787971
1786220512000,149.653597,-65.818775,-63.454529
1786220572000,147.125356,-45.295979,-43.177020
1786220632000,118.053177,-62.852834,-60.640884
1786220692000,135.997063,-53.634325,-52.108451
1786220752000,137.607113,-41.856176,-40.814430
1786220812000,127.183782,-56.679068,-54.262018
1786220872000,132.625179,-53.129315,-50.623693
1786220932000,138.527359,-48.038397,-45.638310
1786220992000,122.624837,-63.785332,-61.557608
1786221052000,169.310674,-54.997133,-52.685069
1786221112000,146.144751,-41.331562,-39.198270
1786221172000,136.269916,-50.631126,-48.879058
1786221232000,139.167165,-50.099531,-48.137668
1786221292000,147.071357,-40.792740,-39.006626
1786221352000,141.976233,-45.723280,-44.590559
1786221412000,137.634205,-32.685745,-32.307432
1786221472000,136.473711,-43.990742,-42.685712
1786221532000,135.052341,-52.969772,-52.028178
1786221592000,129.223200,-64.074583,-61.801977
1786221652000,142.579898,-49.741817,-47.939661
1786221712000,144.258325,-44.211273,-44.237485
1786221772000,160.938545,-34.351890,-32.703874
1786221832000,142.388017,-51.200123,-49.200358
1786221892000,143.866286,-51.668584,-49.625318
1786221952000,128.828739,-56.874955,-55.919444
1786222012000,142.082108,-52.132804,-51.595861
1786222072000,136.004051,-73.976342,-72.317664
1786222132000,146.412112,-48.713659,-41.519029
1786222192000,118.000940,-59.471921,-57.652228
1786222252000,-207.450020,-45.429333,-44.462891
1786222312000,-222.639635,-63.458448,-61.715247
1786222372000,-196.845295,-43.660849,-42.456082
1786222432000,-222.994694,-62.307698,-60.466998
1786222492000,-222.434381,-65.250083,-63.574491
1786222552000,-197.885587,-46.299815,-44.330095
1786222612000,-199.521076,-57.340073,-55.506464
1786222672000,-218.739022,-67.936987,-66.023954
1786222732000,-178.812447,-31.439321,-30.710893
1786222792000,-183.397291,-49.888183,-41.996188
1786222852000,-197.862292,-59.273077,-57.462971
1786222912000,-204.988619,-71.294273,-66.899340
1786222972000,-192.672303,-59.197543,-57.347893
1786223032000,-188.730494,-68.026594,-66.027257
1786223092000,-188.161303,-58.884782,-56.865349
1786223152000,-197.275635,-64.204624,-55.652854
1786223212000,-200.326949,-62.720707,-60.489140
1786223272000,-191.833519,-56.614581,-54.604694
1786223332000,-174.920739,-40.474551,-38.951042
1786223392000,-199.390825,-56.409755,-55.736003
1786223452000,-177.963179,-55.205003,-54.346625
1786223512000,-191.899911,-61.948184,-60.902139
1786223572000,-176.437846,-47.715496,-46.912587
1786223632000,-179.542007,-52.080985,-50.984080
1786223692000,-179.582191,-60.042386,-52.137977
1786223752000,-179.542379,-63.873440,-62.913739
1786223812000,-186.108033,-62.156871,-61.314502
1786223872000,-174.494114,-66.010512,-64.054827
1786223932000,-172.797200,-53.633878,-52.051373
1786223992000,-162.001587,-43.564197,-42.236043
1786224052000,-170.199630,-54.778696,-53.062725
1786224112000,-162.705178,-49.136944,-47.696330
1786224172000,-152.494004,-39.142163,-37.720590
1786224232000,-174.245186,-62.273606,-60.753253
1786224292000,-148.492728,-43.444738,-42.145687
1786224352000,-174.913246,-60.115573,-59.012026
1786224412000,-165.949628,-59.447865,-58.585289
1786224472000,-139.912786,-40.293112,-30.866162
1786224532000,-155.598316,-52.767227,-49.556381
1786224592000,-153.166757,-52.246519,-50.830122
1786224652000,-143.354247,-47.542922,-48.944481
1786224712000,-138.810543,-35.430320,-34.558254
1786224772000,-131.922767,-37.043525,-34.796328
1786224832000,-140.841471,-43.010038,-42.943587
1786224892000,-135.547020,-45.733792,-51.662196
1786224952000,-219.124219,-43.716640,-42.909466
1786225012000,-125.998676,-40.387329,-36.660730
1786225072000,-130.294721,-52.818146,-44.170093
1786225132000,-149.056801,-64.019731,-62.528238
1786225192000,-126.906750,-41.509587,-40.146321
1786225252000,-128.404480,-46.557262,-45.575241
1786225312000,-151.297955,-70.705168,-69.113152
1786225372000,-139.809597,-59.893360,-59.145075
1786225432000,-125.730566,-49.642870,-45.781014
1786225492000,-124.942959,-41.437894,-40.289879
1786225552000,-125.282205,-50.022540,-42.741870
1786225612000,-121.377451,-49.056295,-47.746045
1786225672000,-129.425053,-45.761342,-50.912100
1786225732000,-117.448697,-63.228889,-58.212053
1786225792000,-125.380155,-57.257507,-56.152235
1786225852000,-107.124839,-41.545817,-40.228716
1786225912000,-108.528865,-44.121302,-42.704527
1786225972000,-108.279915,-44.683368,-43.806972
1786226032000,-86.929573,-57.003476,-55.269532
1786226092000,-67.407043,-50.585133,-49.394473
1786226152000,-88.852353,-44.700316,-42.859881
1786226212000,-124.234120,-66.083849,-64.902103
1786226272000,-102.827244,-45.488250,-44.822964
1786226332000,-101.788072,-48.724571,-47.688209
1786226392000,-96.183112,-46.416094,-45.018278
1786226452000,-89.020768,-40.710010,-46.835042
1786226512000,-93.748822,-54.676531,-45.387385
1786226572000,-98.579054,-56.383938,-55.064693
1786226632000,-67.519520,-28.266524,-27.457785
1786226692000,-87.866304,-42.671495,-41.042129
1786226752000,-86.685276,-46.185151,-44.408415
1786226812000,-74.977817,-36.334027,-35.281020
1786226872000,-79.685730,-48.445202,-47.038061
1786226932000,-84.627243,-51.792701,-50.347637
1786226992000,-85.446887,-49.910379,-49.014888
1786227052000,-94.797007,-58.208450,-57.646853
1786227112000,-66.681046,-33.852268,-33.541249
1786227172000,-81.334468,-44.734030,-49.402302
1786227232000,-87.048947,-56.320524,-55.143908
1786227292000,-71.008216,-46.347325,-44.542968
1786227352000,-67.258190,-40.542423,-40.172530
1786227412000,-64.516715,-42.031811,-40.837414
1786227472000,-102.864579,-41.805735,-41.401237
1786227532000,-76.503072,-52.176474,-51.077588
1786227592000,-56.620719,-39.617924,-40.032421
1786227652000,35.854654,-51.527218,-40.099157
1786227712000,32.648873,-47.728242,-45.135127
1786227772000,-55.228224,-41.225755,-39.733722
1786227832000,-62.956938,-62.813245,-48.570988
1786227892000,-65.893384,-50.575859,-50.104631
1786227952000,-56.669153,-45.295041,-44.294286
1786228012000,-59.468744,-57.059681,-55.796031
1786228072000,-59.762593,-50.458611,-49.183192
1786228132000,-47.159646,-39.837311,-38.728727
1786228192000,-60.371591,-54.086633,-53.225706
1786228252000,-49.279199,-47.883898,-46.165053
1786228312000,-51.702247,-47.594368,-46.063197
1786228372000,-60.929681,-58.205161,-49.571754
1786228432000,-56.821044,-54.518999,-53.816245
1786228492000,-47.364614,-37.722174,-37.109351
1786228552000,-54.578516,-56.199408,-55.776959
1786228612000,-37.403072,-38.711983,-38.200022
1786228672000,-31.865560,-35.921834,-35.764174
1786228732000,-32.623385,-38.427046,-37.394349
1786228792000,-48.422552,-55.152921,-54.420499
1786228852000,-41.385717,-51.680469,-50.520389
1786228912000,-59.982556,-50.000545,-48.498922
1786228972000,-118.741502,-48.457264,-48.055284
1786229032000,-30.212492,-41.676390,-41.304870
1786229092000,-38.551399,-51.045782,-51.373045
1786229152000,-24.579656,-37.622509,-37.886554
1786229212000,-22.055313,-47.968787,-37.728476
1786229272000,-39.190073,-56.702403,-55.753230
1786229332000,-38.802156,-67.937243,-66.789288
1786229392000,-27.258426,-51.105408,-50.213047
1786229452000,-26.102465,-46.073605,-45.057092
1786229512000,-35.558610,-59.688152,-58.850275
1786229572000,-38.810788,-62.490480,-61.842437
1786229632000,-25.769003,-52.619844,-51.104232
1786229692000,-11.847446,-46.147210,-39.031469
1786229752000,3.557603,-26.477438,-26.101389
1786229812000,-19.686306,-49.296019,-49.040725
1786229872000,-55.262385,-84.533427,-82.754567
1786229932000,-8.146087,-50.608839,-52.217874
1786229992000,-7.117283,-42.145383,-41.413766
1786230052000,-6.609124,-41.675721,-40.965421
1786230112000,-18.760978,-55.881544,-54.870017
1786230172000,-6.804890,-46.695372,-46.375138
1786230232000,-13.152553,-51.933166,-50.259733
1786230292000,-1.567816,-37.456806,-39.121475
1786230352000,-12.197347,-51.923659,-51.829695
1786230412000,-9.075466,-48.481900,-48.364183
1786230472000,-17.488266,-61.631303,-60.670895
1786230532000,-1.295966,-47.723133,-47.218278
1786230592000,1.405583,-53.187968,-52.921662
1786230652000,-1.801345,-50.544496,-50.404201
1786230712000,-0.537116,-51.072106,-50.114843
1786230772000,-6.067152,-46.913052,-54.608798
1786230832000,8.197665,-41.943927,-42.213809
1786230892000,-2.415580,-48.906008,-47.945453
1786230952000,17.995286,-46.336224,-37.162640
1786231012000,-0.858702,-21.599310,-60.933229
1786231072000,24.612067,7.241392,-33.416341
1786231132000,8.398364,-10.607958,-51.012639
1786231192000,22.034098,-3.946258,-37.810949
1786231252000,7.457122,-14.062861,-53.778840
1786231312000,22.180548,-0.935138,-40.640487
1786231372000,28.386189,-9.183336,-36.855947
1786231432000,19.477187,-17.243492,-54.762937
1786231492000,7.836056,-4.186450,-42.984760
1786231552000,22.484085,-7.448788,-46.355774
1786231612000,25.423211,-11.019200,-50.189330
1786231672000,34.886504,2.341765,-36.365889
1786231732000,18.802972,-17.509830,-55.197467
1786231792000,31.040764,-5.621897,-44.163193
1786231852000,27.125662,-4.829662,-44.540447
1786231912000,23.549541,-6.068192,-45.384712
1786231972000,-152.527999,-4.467555,-42.738534
1786232032000,-157.974931,-14.250584,-50.654491
1786232092000,-151.599424,-5.916037,-44.311775
1786232152000,-162.451724,-18.179752,-56.327574
1786232212000,-325.229371,-52.889257,-50.782666
1786232272000,-323.915303,-49.553201,-41.679285
1786232332000,-302.436290,-29.233648,-28.345033
1786232392000,-315.023584,-42.877493,-40.975853
1786232452000,-328.591276,-57.606123,-55.751200
1786232512000,-324.797037,-55.923577,-54.051343
1786232572000,-314.122911,-49.248339,-47.467993
1786232632000,-306.855232,-42.545754,-40.847709
1786232692000,-300.735306,-38.505232,-36.824266
1786232752000,-301.959116,-54.160143,-52.608057
1786232812000,-296.816145,-42.063508,-40.546727
1786232872000,-300.167424,-43.455148,-41.596963
1786232932000,-299.048919,-44.432927,-42.928262
1786232992000,-296.536249,-40.361569,-38.482283
1786233052000,-298.680845,-42.448815,-40.780847
1786233112000,-292.760584,-48.174804,-46.817376
1786233172000,-286.503602,-38.907588,-37.520842
1786233232000,-296.685890,-140.415267,-46.961905
1786233292000,-297.187559,-144.692954,-48.445828
1786233352000,-299.827253,-148.420036,-52.255379
1786233412000,-304.760513,-155.926020,-59.274059
1786233472000,-280.192341,-74.472799,-35.894968
1786233532000,-290.366854,-76.610901,-46.369786
1786233592000,-281.865507,-79.230744,-49.340386
1786233652000,-289.196319,-76.614615,-47.635358
1786233712000,-291.108937,-78.065760,-49.443565
1786233772000,-275.767695,-78.930203,-38.914874
1786233832000,-281.709226,-72.948448,-44.563032
1786233892000,-269.430792,-67.279948,-36.493999
1786233952000,-283.616876,-87.958613,-58.452757
1786234012000,-285.480333,-87.548874,-50.965009
1786234072000,-280.587979,-81.319046,-52.550890
1786234132000,-264.775122,-62.756716,-34.004369
1786234192000,-274.657851,-78.915399,-49.993353
1786234252000,-272.831289,-78.892396,-49.881291
1786234312000,-258.989240,-68.835661,-40.021116
1786234372000,-259.686288,-68.704674,-39.869967
1786234432000,-262.466637,-71.752177,-42.816070
1786234492000,-267.921790,-80.568179,-57.366221
1786234552000,-258.197491,-74.288569,-45.882580
1786234612000,-259.266926,-72.273350,-44.977387
1786234672000,-262.119218,-75.868978,-48.528561
1786234732000,-251.889950,-64.558187,-37.467841
1786234792000,-248.741902,-50.723496,-41.157690
1786234852000,-267.830451,-61.417237,-62.280500
1786234912000,-252.600147,-46.460007,-47.625427
1786234972000,-269.854834,-37.683441,-39.126467
1786235032000,-238.911903,-32.666465,-34.612968
1786235092000,-257.942401,-53.870794,-55.934332
1786235152000,-234.194416,-32.519219,-34.869018
1786235212000,-230.072961,-29.396564,-31.598611
1786235272000,-239.013336,-41.245403,-43.660927
1786235332000,-237.765976,-39.321837,-38.380802
1786235392000,-239.859727,-44.047515,-46.325478
1786235452000,-249.169274,-54.129836,-56.626255
1786235512000,-225.741880,-31.413409,-34.774373
1786235572000,-230.535180,-43.481041,-46.218967
1786235632000,-229.875476,-38.027255,-41.259695
1786235692000,-231.222051,-36.679188,-33.306513
1786235752000,-230.773266,-37.911974,-41.349344
1786235812000,-199.937005,-17.414706,-20.678381
1786235872000,-220.572116,-36.098971,-39.495919
1786235932000,-192.359419,-31.360523,-34.269270
1786235992000,-214.210559,-33.875727,-36.744584
1786236052000,-212.244929,-33.767857,-36.796154
1786236112000,-217.248868,-38.724741,-41.819053
1786236172000,-225.171427,-39.236863,-42.186225
1786236232000,-224.475890,-42.397409,-45.862491
1786236292000,-217.662352,-42.054900,-45.447446
1786236352000,-211.882467,-51.406923,-54.929863
1786236412000,-209.257540,-43.006206,-46.688938
1786236472000,-90.175978,-61.304993,-64.470410
1786236532000,163.636567,-31.711566,-34.890335
1786236592000,157.596758,-39.156669,-42.573864
1786236652000,159.771229,-33.181863,-36.183836
1786236712000,121.877835,-46.139028,-42.422922
1786236772000,143.960677,-46.519479,-51.649236
1786236832000,156.990800,-44.644647,-41.120025
1786236892000,160.484591,-40.649244,-43.673702
1786236952000,150.814741,-49.126038,-51.989979
1786237012000,166.779363,-42.148069,-43.405372
1786237072000,169.606989,-30.178530,-33.635189
1786237132000,166.387615,-28.695320,-36.811757
1786237192000,170.288177,-32.324078,-35.838982
1786237252000,178.565431,-24.934488,-31.602546
1786237312000,161.926956,-39.431844,-42.677447
1786237372000,170.667551,-28.875232,-32.319109
1786237432000,168.311215,-36.648238,-40.103777
1786237492000,168.480911,-40.176074,-43.219433
1786237552000,177.737528,-41.907170,-38.113474
1786237612000,159.669860,-46.636149,-54.986888
1786237672000,176.770487,-31.466716,-35.199249
1786237732000,181.074392,-30.494799,-33.969274
1786237792000,186.400773,-23.220308,-26.486848
1786237852000,176.605029,-38.207696,-40.357271
1786237912000,152.923269,-52.852284,-54.386761
1786237972000,166.110687,-49.474981,-52.472310
1786238032000,177.513557,-34.959134,-42.459887
1786238092000,187.819121,-29.903446,-32.747476
1786238152000,180.928413,-30.131410,-33.717549
1786238212000,179.304287,-36.425247,-39.542562
1786238272000,190.625670,-22.137648,-26.957832
1786238332000,189.466670,-35.429620,-38.099264
1786238392000,187.974111,-40.914386,-37.349332
1786238452000,240.731075,-40.476151,-43.696350
1786238512000,169.160165,-36.888700,-40.767710
1786238572000,191.227921,-38.877119,-42.952780
1786238632000,183.066382,-41.813955,-45.372922
1786238692000,181.449011,-43.661238,-47.272571
1786238752000,321.592283,-41.852111,-44.666916
1786238812000,324.278458,-39.349111,-42.518511
1786238872000,196.277181,-35.604358,-35.442175
1786238932000,188.534958,-53.888479,-57.902917
1786238992000,184.318742,-43.820471,-48.149104
1786239052000,191.953967,-38.442046,-42.169550
1786239112000,192.859092,-39.140552,-40.591980
1786239172000,199.369408,-33.445654,-37.534674
1786239232000,202.812112,-30.543682,-34.269880
1786239292000,194.373401,-36.039291,-40.521857
1786239352000,202.082831,-35.306222,-38.680706
1786239412000,203.763417,-36.916814,-38.949913
1786239472000,202.804249,-33.995944,-37.430669
1786239532000,197.887841,-51.652220,-45.750675
1786239592000,210.432714,-31.868644,-35.164744
1786239652000,203.463329,-39.514484,-45.074723
1786239712000,199.969261,-41.838654,-45.819574
1786239772000,205.718126,-34.636552,-41.004580
1786239832000,283.975988,-41.881990,-37.112839
1786239892000,252.832502,-31.287121,-35.091257
1786239952000,214.092028,-30.366375,-34.182116
1786240012000,211.531845,-43.757026,-47.779844
1786240072000,221.354589,-24.239400,-26.748482
1786240132000,183.420450,-41.911923,-45.925398
1786240192000,215.658421,-30.983099,-34.959878
1786240252000,201.463013,-40.441554,-44.796934
1786240312000,223.655475,-24.956289,-29.065873
1786240372000,215.000751,-36.677099,-40.293035
1786240432000,198.594059,-52.667504,-56.195088
1786240492000,208.194403,-44.855139,-48.628472
1786240552000,224.860203,-29.205512,-33.426768
1786240612000,216.944132,-36.578608,-40.847989
1786240672000,222.940074,-40.590705,-44.752279
1786240732000,217.486934,-33.501159,-37.739180
1786240792000,220.181822,-36.351312,-40.580332
1786240852000,211.192384,-53.000329,-55.365635
1786240912000,219.383367,-36.888297,-41.922281
1786240972000,210.448345,-17.071903,-22.138549
1786241032000,221.884449,-38.784898,-42.639034
1786241092000,218.778620,-52.359547,-56.662431
1786241152000,235.478663,-26.669785,-31.115673
1786241212000,197.256773,-42.083789,-38.978776
1786241272000,126.899920,-49.994036,-56.064637
1786241332000,209.497193,-38.660923,-42.680111
1786241392000,234.129235,-33.541815,-37.715389
1786241452000,247.573434,-19.750093,-24.131383
1786241512000,248.522211,-18.276332,-23.139176
1786241572000,228.279708,-38.839875,-43.610122
1786241632000,246.994286,-24.376990,-28.531841
1786241692000,238.874361,-32.046505,-36.085897
1786241752000,238.900878,-30.399632,-36.656069
1786241812000,224.671122,-44.587216,-48.973463
1786241872000,237.934406,-29.909592,-35.213345
1786241932000,230.385864,-43.061538,-46.782559
1786241992000,232.552814,-43.027955,-48.212888
1786242052000,258.451612,-10.613056,-15.763918
1786242112000,234.370294,-41.346837,-45.677222
1786242172000,243.102543,-36.913226,-37.162349
1786242232000,285.171828,-26.515482,-30.916608
1786242292000,286.926972,-32.570251,-36.936106
1786242352000,245.019029,-33.602596,-37.985493
1786242412000,251.326116,-29.422306,-33.599990
1786242472000,250.153729,-41.547050,-45.667467
1786242532000,256.917584,-32.906854,-37.414678
1786242592000,244.435902,-38.046740,-42.596843
1786242652000,239.796603,-36.481855,-40.653626
1786242712000,251.050242,-33.610569,-38.374403
1786242772000,245.730551,-39.842542,-44.121250
1786242832000,268.654040,-16.887723,-21.569235
1786242892000,265.163061,-21.537206,-26.689115
1786242952000,243.895885,-41.916758,-46.660198
1786243012000,267.893073,-18.950031,-23.734601
1786243072000,255.787982,-33.429451,-37.776614
1786243132000,251.614638,-38.187501,-37.002122
1786243192000,254.906450,-27.048117,-26.936729
1786243252000,261.451038,-31.717173,-37.675323
1786243312000,264.422240,-30.109252,-34.603342
1786243372000,269.459333,-28.012742,-32.480186
1786243432000,251.294783,-44.057053,-48.451877
1786243492000,268.343922,-27.547085,-31.745169
1786243552000,248.213673,-40.969545,-45.591518
1786243612000,247.708790,-41.663047,-46.316572
1786243672000,251.024236,-47.510778,-50.852879
1786243732000,263.586394,-40.189270,-44.459263
1786243792000,265.054882,-33.520342,-37.812127
1786243852000,250.689688,-45.050564,-49.086444
1786243912000,259.785942,-41.142849,-45.955101
1786243972000,260.400246,-41.036314,-45.631429
1786244032000,261.408634,-39.237108,-44.350635
1786244092000,272.993641,-28.878702,-33.923243
1786244152000,256.374549,-44.592224,-49.436139
1786244212000,262.887013,-39.953979,-44.935289
1786244272000,255.217592,-50.311189,-54.562113
1786244332000,272.263980,-30.311398,-34.733741
1786244392000,270.583399,-36.615171,-41.222712
1786244452000,293.262109,-33.860223,-38.368765
1786244512000,281.789931,-24.549741,-23.332967
1786244572000,261.941743,-36.177209,-40.566429
1786244632000,268.807379,-41.886649,-41.525781
1786244692000,277.082751,-32.863163,-37.733817
1786244752000,274.320431,-36.452198,-41.342538
1786244812000,284.089910,-26.658230,-31.483296
1786244872000,331.391981,-18.936040,-23.635085
1786244932000,342.348151,-40.601646,-45.016369
1786244992000,338.253220,-32.591576,-37.297192
1786245052000,355.376145,-37.809538,-42.660537
1786245112000,315.984263,-23.264671,-27.873388
1786245172000,278.542272,-57.721265,-41.173415
1786245232000,286.105755,-29.677094,-34.722257
1786245292000,276.650522,-41.914391,-46.529136
1786245352000,403.819873,-32.923370,-31.205618
1786245412000,289.079067,-29.413554,-34.710846
1786245472000,290.051183,-29.023437,-34.391117
1786245532000,287.846405,-32.746482,-37.867013
1786245592000,285.345065,-36.440884,-41.516192
1786245652000,293.028033,-28.742791,-33.678320
1786245712000,296.827559,-26.966722,-31.891635
1786245772000,288.928071,-25.642045,-30.630069
1786245832000,288.887661,-36.143037,-41.116304
1786245892000,303.217193,-22.712630,-27.755177
1786245952000,295.767508,-30.250201,-35.370551
1786246012000,299.048181,-30.319362,-33.403116
1786246072000,294.508680,-28.661951,-33.982650
1786246132000,310.673134,-17.648230,-22.971350
1786246192000,304.876706,-25.512822,-30.445820
1786246252000,297.571503,-32.322953,-37.458209
1786246312000,306.479935,-19.127556,-24.525005
1786246372000,299.211909,-30.426719,-36.149110
1786246432000,296.806022,-38.107132,-40.545143
1786246492000,308.260301,-24.537012,-29.772088
1786246552000,312.180317,-21.510493,-26.864331
1786246612000,313.593494,-20.809377,-26.108966
1786246672000,311.129918,-24.576980,-29.844406
1786246732000,309.066511,-27.866692,-32.983042
1786246792000,309.704478,-27.585514,-32.749819
1786246852000,299.541119,-38.432920,-43.599165
1786246912000,311.562278,-27.499533,-32.367417
1786246972000,319.899175,-19.460326,-24.788893
1786247032000,312.055273,-28.012325,-33.442651
1786247092000,307.577933,-33.491723,-39.125099
1786247152000,285.195491,-18.431790,-24.260660
1786247212000,324.983200,-24.316545,-30.230077
1786247272000,327.792880,-14.089272,-19.762173
1786247332000,319.399067,-24.770811,-30.218618
1786247392000,321.861684,-23.337484,-28.699248
1786247452000,324.779455,-21.588110,-26.929786
1786247512000,248.719586,-24.391693,-29.452940
1786247572000,327.523697,-28.243975,-33.564970
1786247632000,321.055025,-27.148928,-32.453857
1786247692000,316.886129,-32.343036,-37.514119
1786247752000,327.767310,-22.705083,-27.898936
1786247812000,330.931889,-19.825015,-25.215237
1786247872000,331.287735,-20.010774,-25.445811
1786247932000,333.676691,-17.409651,-23.101932
1786247992000,322.299769,-24.971309,-30.600200
1786248052000,321.268595,-32.071705,-37.536385
1786248112000,322.799931,-31.194435,-36.549874
1786248172000,338.061467,-16.358053,-21.976504
1786248232000,337.236287,-17.772754,-23.444191
1786248292000,318.581113,-37.555827,-43.013666
1786248352000,331.162390,-25.650525,-29.947834
1786248412000,332.297890,-24.731405,-30.174705
1786248472000,326.554578,-30.999964,-36.557290
1786248532000,334.125871,-25.145775,-30.706248
1786248592000,338.877723,-21.622033,-27.072069
1786248652000,326.464876,-20.763404,-26.333012
1786248712000,333.626511,-22.277960,-27.811052
1786248772000,443.739081,-26.377521,-31.872941
1786248832000,336.555072,-23.176565,-28.862378
1786248892000,343.583819,-18.947216,-24.707820
1786248952000,336.609038,-18.190669,-24.057595
1786249012000,347.104280,-17.395334,-23.159452
1786249072000,349.397094,-16.109463,-21.857815
1786249132000,348.731987,-18.551868,-24.273986
1786249192000,343.216504,-23.229628,-29.097672
1786249252000,349.569452,-17.453245,-23.344571
1786249312000,348.778756,-18.948178,-24.812599
1786249372000,348.329181,-20.063929,-25.861535
1786249432000,349.559469,-19.904824,-25.869808
1786249492000,353.110625,-16.158410,-22.216482
1786249552000,352.564515,-17.780010,-23.747937
1786249612000,347.933781,-24.051351,-23.821802
1786249672000,356.744737,-15.274247,-21.216733
1786249732000,340.332730,-33.083750,-38.886559
1786249792000,348.872191,-24.900052,-30.585930
1786249852000,341.631427,-33.140291,-38.641720
1786249912000,351.206638,-23.638056,-29.275170
1786249972000,362.252690,-25.252409,-31.234570
1786250032000,308.913736,-16.009282,-22.134798
1786250092000,360.742686,-16.100515,-22.177631
1786250152000,363.171294,-15.425310,-21.281147
1786250212000,357.384037,-18.967382,-24.791418
1786250272000,358.807022,-20.543114,-26.431591
1786250332000,361.856450,-18.354682,-24.198153
1786250392000,360.184410,-22.965479,-28.640154
1786250452000,360.029047,-21.978493,-27.669954
1786250512000,361.490560,-21.455846,-27.027574
1786250572000,350.765668,-33.051932,-38.614138
1786250632000,353.554646,-24.964815,-30.338041
1786250692000,357.295510,-27.411241,-33.079404
1786250752000,360.627643,-24.747407,-30.419955
1786250812000,366.866645,-18.900103,-24.593358
1786250872000,361.657892,-17.708826,-23.401016
1786250932000,360.403381,-24.274892,-29.985564
1786250992000,362.577247,-17.108164,-22.777218
1786251052000,352.396495,-25.211402,-30.896576
1786251112000,347.933407,-21.032828,-26.726356
1786251172000,371.001382,-19.216335,-24.957391
1786251232000,365.409388,-18.930545,-24.671593
1786251292000,372.729757,-19.332877,-24.982285
1786251352000,372.718060,-18.773468,-25.657158
1786251412000,366.798071,-19.106801,-24.798745
1786251472000,369.721772,-24.102192,-29.871512
1786251532000,376.008745,-18.679317,-24.504132
1786251592000,378.372374,-16.382647,-22.155188
1786251652000,378.048256,-17.895597,-23.681154
1786251712000,372.355936,-19.879457,-25.736092
1786251772000,381.498001,-15.546262,-21.397773
1786251832000,378.967618,-18.515391,-24.400964
1786251892000,381.556741,-17.223957,-23.105661
1786251952000,380.798009,-24.888618,-30.806179
1786252012000,374.340390,-24.788897,-30.655491
1786252072000,380.970860,-18.145123,-24.049599
1786252132000,381.416425,-18.051503,-23.969282
1786252192000,382.021283,-17.848813,-23.780136
1786252252000,376.173000,-23.845322,-29.822739
1786252312000,383.608126,-17.484182,-23.431533
1786252372000,384.087851,-16.838999,-22.788779
1786252432000,382.058529,-23.352253,-29.310725
1786252492000,379.552911,-22.319493,-28.285125
1786252552000,395.305559,-23.826446,-29.824794
1786252612000,386.376473,-16.133132,-22.190178
1786252672000,383.011666,-19.832498,-25.888065
1786252732000,386.678165,-16.484021,-22.541611
1786252792000,385.619097,-17.912722,-23.977215
1786252852000,385.900782,-17.931011,-24.013636
1786252912000,383.342579,-20.952827,-27.045520
1786252972000,382.407793,-22.198125,-28.290654
1786253032000,389.332096,-15.462768,-21.606610
1786253092000,377.488638,-27.749219,-33.877417
1786253152000,387.815392,-17.806667,-23.909357
1786253212000,388.958525,-16.868175,-23.001467
1786253272000,390.354925,-16.278664,-22.431209
1786253332000,390.673080,-16.090787,-22.228138
1786253392000,389.031153,-18.245422,-24.382478
1786253452000,392.131743,-15.284220,-21.461548
1786253512000,390.035678,-17.594352,-23.773997
1786253572000,385.439082,-16.547928,-22.788939
1786253632000,379.782474,-22.819255,-29.046369
1786253692000,385.051627,-23.641132,-29.875147
1786253752000,397.098693,-12.004200,-20.368655
1786253812000,393.767606,-15.484732,-21.763660
1786253872000,384.593909,-17.878082,-24.143293
1786253932000,395.305070,-14.719668,-20.966573
1786253992000,394.873103,-15.336719,-21.629155
1786254052000,394.293020,-16.355570,-22.644866
1786254112000,385.781152,-25.212255,-31.521228
1786254172000,392.931942,-18.353730,-24.667539
1786254232000,397.669268,-16.601934,-22.882011
1786254292000,396.350233,-15.621186,-21.925661
1786254352000,396.329558,-16.059714,-22.402149
1786254412000,397.877851,-14.711779,-21.072692
1786254472000,391.238618,-22.002098,-28.347382
1786254532000,396.804741,-16.640364,-23.032557
1786254592000,397.114869,-16.336072,-22.744904
1786254652000,397.429062,-16.338519,-22.777042
1786254712000,395.580258,-23.968094,-24.974569
1786254772000,392.554745,-21.879011,-28.348145
1786254832000,398.045508,-16.645502,-23.103730
1786254892000,393.841907,-16.178659,-22.651011
1786254952000,398.258994,-17.029197,-23.571050
1786255012000,402.655738,-13.034469,-19.570327
1786255072000,386.988851,-28.905387,-35.476220
1786255132000,395.413352,-20.891359,-27.467689
1786255192000,395.681414,-20.935770,-27.515986
1786255252000,399.738195,-17.122227,-23.694630
1786255312000,402.703417,-14.879463,-21.492785
1786255372000,390.888748,-34.219024,-33.403205
1786255432000,403.713357,-14.074067,-20.711646
1786255492000,402.933320,-15.255184,-21.905880
1786255552000,401.953921,-16.727149,-23.350938
1786255612000,403.548858,-14.329788,-21.001600
1786255672000,398.142415,-21.451552,-28.155860
1786255732000,405.504126,-14.893194,-21.635140
1786255792000,400.795135,-14.142284,-26.849553
1786255852000,400.356098,-15.563548,-22.295996
1786255912000,402.210209,-20.206244,-26.910798
1786255972000,408.320668,-14.541235,-21.267122
1786256032000,410.160907,-13.233335,-19.959373
1786256092000,403.630265,-20.265113,-27.048383
1786256152000,410.602247,-14.614509,-21.381349
1786256212000,411.055393,-14.047434,-20.858583
1786256272000,411.468377,-14.306283,-21.127232
1786256332000,405.290912,-20.802694,-27.651407
1786256392000,406.379343,-20.345892,-27.220493
1786256452000,412.025302,-15.364578,-22.192076
1786256512000,415.507553,-12.463480,-19.324361
1786256572000,415.170639,-13.175923,-20.043798
1786256632000,415.188900,-14.097749,-20.956302
1786256692000,416.769547,-12.704646,-19.562468
1786256752000,418.225935,-11.854547,-18.716359
1786256812000,402.644276,-28.067717,-34.924540
1786256872000,417.612690,-13.587258,-20.442826
1786256932000,415.732606,-16.023373,-22.879291
1786256992000,418.101857,-14.411266,-21.299610
1786257052000,419.173105,-13.842165,-20.745062
1786257112000,417.363957,-16.129886,-23.066108
1786257172000,420.263789,-13.788321,-20.789690
1786257232000,414.156901,-20.836323,-27.842908
1786257292000,413.787354,-21.542759,-28.525093
1786257352000,421.391966,-14.446343,-21.422256
1786257412000,420.397238,-16.166521,-23.176771
1786257472000,419.903941,-13.095767,-20.107820
1786257532000,495.577680,-12.424381,-19.424306
1786257592000,616.640904,-10.761421,-17.766325
1786257652000,618.431790,-11.929157,-18.950137
1786257712000,779.952220,-12.030419,-19.037679
1786257772000,819.329030,-13.083525,-20.151908
1786257832000,785.443430,-12.631998,-19.697319
1786257892000,786.312906,-11.708890,-18.821289
1786257952000,785.477934,-12.506585,-19.619969
1786258012000,786.329186,-11.553428,-18.704817
1786258072000,785.181434,-12.651360,-19.791796
1786258132000,783.506163,-14.316427,-21.471169
1786258192000,785.622975,-12.142157,-19.288865
1786258252000,786.282293,-11.453736,-18.631320
1786258312000,785.001155,-12.663741,-19.905300
1786258372000,786.777706,-12.501192,-19.756422
1786258432000,785.002448,-12.530383,-19.846379
1786258492000,784.822990,-19.383226,-19.995615
1786258552000,784.252423,-13.116867,-20.548201
1786258612000,773.478498,-23.854454,-31.273875
1786258672000,783.859907,-13.442390,-20.908168
1786258732000,786.372991,-10.880450,-18.352737
1786258792000,782.966362,-12.890468,-20.353168
1786258852000,786.282245,-13.567131,-21.005909
1786258912000,780.204489,-9.912219,-17.366909
1786258972000,785.975933,-11.100528,-18.596512
1786259032000,783.707015,-13.250198,-20.873366
1786259092000,786.335437,-10.646344,-18.188182
1786259152000,746.761554,-10.656173,-18.271404
1786259212000,727.829142,-23.199243,-30.778375
1786259272000,787.245769,-9.709827,-17.228148
1786259332000,785.092398,-11.776296,-19.315771
1786259392000,769.120602,-10.391764,-17.926533
1786259452000,785.531493,-11.273586,-18.815391
1786259512000,785.154010,-11.602720,-19.126416
1786259572000,786.724442,-9.975130,-17.529938
1786259632000,785.933704,-10.707008,-18.272069
1786259692000,786.766816,-9.802206,-17.391068
1786259752000,784.837013,-11.660735,-19.262615
1786259812000,777.625685,-13.616307,-21.263473
1786259872000,787.408827,-8.896727,-16.633741
1786259932000,785.443985,-10.867124,-18.566099
1786259992000,784.548425,-11.704150,-19.414675
1786260052000,771.438973,-9.600225,-17.325410
1786260112000,782.135816,-9.518841,-17.264799
1786260172000,781.138095,-7.420004,-15.096273
1786260232000,786.783942,-9.324222,-17.032735
1786260292000,786.788635,-9.238381,-16.970524
1786260352000,783.620188,-12.389596,-20.089349
1786260412000,782.260989,-13.519162,-21.376678
1786260472000,784.981436,-9.067004,-17.098647
1786260532000,785.093982,-10.539024,-18.442885
1786260592000,777.614433,-12.766105,-20.650264
1786260652000,786.812112,-10.203633,-18.256475
1786260712000,776.534633,-10.873553,-18.820868
1786260772000,785.445941,-9.914611,-17.810302
1786260832000,774.963955,-10.840633,-18.724734
1786260892000,784.689550,-10.596037,-18.487226
1786260952000,784.308820,-10.931129,-18.821695
1786261012000,783.390540,-11.735755,-18.524063
1786261072000,785.903750,-9.163314,-17.094809
1786261132000,783.533927,-11.506312,-19.439218
1786261192000,783.677828,-11.203451,-19.172916
1786261252000,785.077779,-9.743164,-17.724261
1786261312000,776.992031,-17.786498,-25.789856
1786261372000,787.484426,-14.909689,-22.896025
1786261432000,784.508260,-10.171858,-18.155941
1786261492000,784.949729,-9.659212,-17.648898
1786261552000,784.396536,-10.140828,-18.133947
1786261612000,785.729840,-9.012527,-17.023050
1786261672000,784.483387,-9.955431,-17.925640
1786261732000,783.014337,-11.446293,-19.361424
1786261792000,784.531876,-9.850274,-17.779987
1786261852000,786.500602,-7.804540,-15.711056
1786261912000,831.021184,-9.312113,-17.263946
1786261972000,779.209913,-15.521032,-23.459680
1786262032000,782.078351,-11.987437,-19.897601
1786262092000,783.510163,-10.514668,-18.426217
1786262152000,785.940648,-7.988164,-15.872490
1786262212000,787.169020,-6.672274,-14.592356
1786262272000,875.782135,-8.207636,-16.158857
1786262332000,823.547140,-10.322536,-18.275204
1786262392000,782.257948,-10.686382,-18.587680
1786262452000,784.025242,-9.393086,-17.232494
1786262512000,783.052404,-10.286879,-18.164033
1786262572000,785.701744,-7.548576,-16.897956
1786262632000,785.049212,-8.178094,-16.067008
1786262692000,784.351983,-8.725077,-16.664810
1786262752000,776.666069,-16.366417,-24.258766
1786262812000,778.109415,-8.776485,-16.696516
1786262872000,777.752873,-8.707184,-16.621682
1786262932000,771.679740,-10.471739,-18.425911
1786262992000,793.433986,-8.732852,-16.716478
1786263052000,785.154863,-7.468985,-15.465701
1786263112000,772.148017,-20.286242,-28.295818
1786263172000,784.510342,-7.856285,-15.881584
1786263232000,782.854075,-9.635107,-17.659218
1786263292000,783.813882,-8.369607,-16.386302
1786263352000,786.769490,-5.321566,-13.345409
1786263412000,782.131522,-9.862188,-17.892557
1786263472000,784.138111,-7.718149,-15.769137
1786263532000,777.250625,-14.446994,-22.585383
1786263592000,782.060936,-9.564964,-17.738664
1786263652000,784.448103,-7.047610,-15.241622
1786263712000,775.213300,-16.015553,-24.253358
1786263772000,770.979530,-8.673843,-16.900212
1786263832000,785.939734,-4.666389,-12.916652
1786263892000,775.597037,-14.354953,-22.662641
1786263952000,765.850001,-14.359093,-22.686578
1786264012000,782.009729,-7.061830,-15.411522
1786264072000,779.176235,-9.655398,-17.963988
1786264132000,779.822137,-9.391600,-17.707450
1786264192000,780.940411,-7.067266,-15.442696
1786264252000,774.613332,-13.393351,-21.775378
1786264312000,779.716577,-7.507081,-15.909986
1786264372000,772.380410,-7.783455,-23.119652
1786264432000,779.871931,-6.627229,-15.070395
1786264492000,778.215430,-7.842176,-16.310276
1786264552000,779.821216,-5.973538,-14.453262
1786264612000,778.489940,-6.836363,-15.332133
1786264672000,772.971508,-11.834183,-20.434783
1786264732000,766.492212,-15.919199,-29.436659
1786264792000,776.681686,-5.273515,-15.849674
1786264852000,778.173155,-4.959788,-13.904240
1786264912000,769.227338,-13.589405,-22.575634
1786264972000,767.933750,-19.918816,-28.855960
1786265032000,775.420747,-6.740187,-15.673086
1786265092000,775.614502,-5.726824,-14.632940
1786265152000,772.150159,-8.492232,-17.437657
1786265212000,743.080808,-5.436375,-15.387577
1786265272000,774.578635,-9.409382,-18.325362
1786265332000,769.925115,-5.507950,-14.465519
1786265392000,772.247127,-5.847146,-14.845610
1786265452000,766.418649,-8.834705,-17.793136
1786265512000,383.995547,-8.193649,-17.045178
1786265572000,384.696408,-9.029691,-17.974112
1786265632000,331.094931,-17.171074,-31.137147
1786265692000,389.748868,-12.770834,-21.754148
1786265752000,410.033733,-6.439867,-15.420463
1786265812000,411.616143,-4.747277,-13.719594
1786265872000,409.112116,-7.093039,-16.031292
1786265932000,392.439354,-8.333748,-17.347308
1786265992000,403.945244,-11.925565,-20.959128
1786266052000,411.943020,-6.621805,-15.642807
1786266112000,412.168683,-3.400678,-12.520745
1786266172000,408.300274,-7.196311,-16.303811
1786266232000,444.919630,-5.106520,-14.205372
1786266292000,411.104321,-4.115244,-13.214410
1786266352000,409.203932,-5.958059,-15.097391
1786266412000,423.815778,-3.611093,-12.808575
1786266472000,410.773152,-4.095241,-13.427396
1786266532000,401.981183,-12.845173,-22.056001
1786266592000,390.955774,-23.734194,-32.943998
1786266652000,407.609075,-11.334596,-20.526010
1786266712000,407.408842,-7.061039,-16.211799
1786266772000,407.962059,-6.237615,-15.490277
1786266832000,406.432816,-7.549105,-16.874975
1786266892000,407.833629,-5.972894,-20.210346
1786266952000,401.954701,-11.638305,-20.937767
1786267012000,394.431090,-19.167370,-28.309797
1786267072000,394.419411,-18.885212,-28.125794
1786267132000,407.891847,-5.195159,-14.520316
1786267192000,400.226241,-12.703217,-22.038089
1786267252000,399.754130,-13.100261,-22.330451
1786267312000,407.147561,-5.461278,-14.754769
1786267372000,400.268154,-7.909876,-17.223895
1786267432000,408.697112,-3.491704,-12.868132
1786267492000,408.071371,-4.025098,-13.395820
1786267552000,383.913547,-3.851031,-13.246103
1786267612000,406.248595,-5.429391,-14.860527
1786267672000,407.672574,-3.954014,-13.369198
1786267732000,396.248581,-7.203392,-16.673722
1786267792000,404.569402,-6.586043,-15.983928
1786267852000,406.560311,-4.692594,-13.783770
1786267912000,405.001534,-5.935501,-15.247775
1786267972000,404.638222,-6.151647,-15.438393
1786268032000,388.825343,-2.444932,-11.735632
1786268092000,405.577112,-4.757014,-14.049718
1786268152000,404.951019,-5.941969,-15.255289
1786268212000,425.166445,-6.535681,-15.835110
1786268272000,407.574203,-1.994425,-11.280392
1786268332000,528.418226,-7.168326,-16.448534
1786268392000,763.897593,-4.710229,-14.034703
1786268452000,758.884322,-3.428439,-12.710628
1786268512000,756.058264,-5.470895,-14.779378
1786268572000,754.640411,-11.494490,-20.806788
1786268632000,759.592653,-5.273649,-14.593618
1786268692000,758.729565,-6.010996,-15.312271
1786268752000,759.056467,-4.693207,-14.015826
1786268812000,804.567276,-3.511685,-12.869461
1786268872000,892.418548,-4.734973,-14.122719
1786268932000,971.564969,-5.690334,-15.156099
1786268992000,1020.105016,-3.526251,-12.990481
1786269052000,1108.009530,-10.502716,-20.051088
1786269112000,1100.703247,-10.604223,-20.235898
1786269172000,1109.525664,-6.670208,-16.240744
1786269232000,1115.600593,-5.914092,-15.469664
1786269292000,1105.141312,-4.846741,-14.397155
1786269352000,1093.902158,-17.570558,-27.139767
1786269412000,1093.909914,-16.527233,-26.090615
1786269472000,1102.956214,-5.541113,-15.123672
1786269532000,1100.469859,-6.969929,-16.568509
1786269592000,1098.583336,-6.660075,-16.341561
1786269652000,1098.738044,-5.510097,-15.105994
1786269712000,1097.239891,-5.287198,-14.959114
1786269772000,1094.649528,-7.036456,-16.724631
1786269832000,1092.768791,-7.072444,-16.742580
1786269892000,1087.053511,-12.318380,-21.973987
1786269952000,1082.056093,-4.389970,-14.036760
1786270012000,1005.385337,-7.265714,-16.901104
1786270072000,1009.844706,-4.789015,-14.462675
1786270132000,1089.159793,-4.061404,-13.735729
1786270192000,1083.373475,-8.707003,-18.428961
1786270252000,1086.859530,-3.578180,-13.316892
1786270312000,1076.295015,-12.770641,-22.494970
1786270372000,1072.921955,-5.051196,-14.819589
1786270432000,1081.317121,-5.134971,-14.916599
1786270492000,1074.580250,-10.516146,-20.295047
1786270552000,1051.333860,-5.348053,-15.237753
1786270612000,1081.625928,-4.874820,-14.476496
1786270672000,1077.870663,-3.270098,-12.771662
1786270732000,1076.116550,-5.509872,-14.897748
1786270792000,1075.828585,-3.205772,-12.441449
1786270852000,1068.585771,-3.453161,-12.533284
1786270912000,1067.555598,-5.817285,-14.837802
1786270972000,1068.814827,-5.657197,-14.452421
1786271032000,1060.592141,-5.491126,-14.210988
1786271092000,1059.069432,-13.312088,-21.904023
1786271152000,1066.401499,-4.713024,-13.205548
1786271212000,1065.537995,-4.535129,-12.886681
1786271272000,964.399767,-6.244115,-14.507396
1786271332000,1059.096854,-8.402719,-16.567664
1786271392000,1060.400142,-5.254801,-13.283466
1786271452000,1058.044796,-6.897434,-14.863964
1786271512000,1054.512498,-9.065113,-16.959105
1786271572000,1056.007770,-5.904483,-13.629714
1786271632000,1047.851466,-13.068609,-20.679901
1786271692000,1038.249072,-7.385159,-14.895443
1786271752000,1082.451883,-12.981137,-20.355790
1786271812000,1048.879376,-7.753182,-14.937965
1786271872000,1046.220039,-5.792546,-12.845830
1786271932000,1035.979814,-6.514957,-13.418765
1786271992000,1039.204280,-6.209536,-13.092694
1786272052000,1046.309450,-4.916680,-11.600087
1786272112000,1091.084084,-9.539703,-16.173712
1786272172000,1040.309021,-9.209082,-15.631536
1786272232000,1033.756733,-13.723772,-19.939390
1786272292000,1035.939977,-10.563889,-16.725254
1786272352000,1029.601607,-15.759140,-21.838093
1786272412000,1036.051427,-7.687642,-13.589359
1786272472000,1035.692759,-7.206689,-13.016634
1786272532000,1031.968655,-9.163224,-14.856693
1786272592000,1030.841096,-8.788482,-14.333355
1786272652000,1028.753899,-9.860990,-15.304148
1786272712000,997.241919,-14.666713,-19.983570
1786272772000,1009.074773,-8.179789,-13.407877
1786272832000,1022.671055,-10.001438,-15.033628
1786272892000,1020.784684,-11.430881,-16.375742
1786272952000,1020.893628,-11.657697,-16.480714
1786273012000,1015.905305,-15.070018,-19.795833
1786273072000,1021.045366,-7.999757,-12.546182
1786273132000,1011.159885,-17.171418,-21.653024
1786273192000,1008.804832,-17.686225,-22.043164
1786273252000,1004.506509,-21.197722,-25.434259
1786273312000,1015.504773,-8.859346,-12.980099
1786273372000,1013.706730,-8.731745,-12.678428
1786273432000,1004.037693,-17.558675,-21.401703
1786273492000,998.485031,-21.456341,-25.116736
1786273552000,1009.345333,-9.221807,-12.740922
1786273612000,1008.223968,-9.445141,-12.889800
1786273672000,1006.080908,-16.408233,-19.701543
1786273732000,987.536601,-29.386395,-32.521322
1786273792000,999.783407,-10.756733,-16.998144
1786273852000,996.027467,-13.693478,-19.538572
1786273912000,991.750610,-16.058145,-21.689899
1786273972000,991.837451,-14.629737,-20.276187
1786274032000,994.942401,-10.100500,-15.672978
1786274092000,995.536404,-11.225681,-13.574599
1786274152000,993.008252,-12.319113,-14.523148
1786274212000,991.609867,-12.525377,-14.602457
1786274272000,989.362578,-13.224834,-15.344227
1786274332000,962.561443,-12.852917,-14.917314
1786274392000,988.315130,-11.751239,-13.740398
1786274452000,987.928893,-10.978066,-12.970653
1786274512000,986.760767,-10.680049,-12.689833
1786274572000,982.298948,-13.323027,-15.374769
1786274632000,981.315533,-13.189000,-15.255304
1786274692000,969.423092,-23.502077,-25.565261
1786274752000,972.628485,-18.990041,-21.062972
1786274812000,977.845317,-12.167167,-14.261367
1786274872000,962.088401,-12.774661,-14.837885
1786274932000,978.717466,-9.988526,-12.104759
1786274992000,969.096512,-11.522592,-13.621050
1786275052000,969.328491,-14.515097,-16.615211
1786275112000,968.624521,-14.093705,-16.171646
1786275172000,969.052131,-12.313898,-14.368673
1786275232000,966.672261,-12.861698,-14.948034
1786275292000,965.137744,-13.231491,-15.301964
1786275352000,956.591206,-20.521351,-22.521538
1786275412000,590.877810,-20.728257,-22.742038
1786275472000,602.532468,-12.347511,-14.387870
1786275532000,598.364268,-12.590818,-14.670861
1786275592000,600.736228,-12.446344,-12.402137
1786275652000,596.998261,-14.759737,-16.839816
1786275712000,598.634019,-11.217710,-14.579931
1786275772000,592.453667,-17.986887,-20.073287
1786275832000,596.734666,-12.649046,-14.763563
1786275892000,622.846379,-9.605854,-11.743796
1786275952000,592.494321,-14.951824,-17.060266
1786276012000,593.513087,-13.075368,-15.138490
1786276072000,588.681255,-11.217478,-13.322192
1786276132000,591.575674,-13.044979,-15.128827
1786276192000,589.381317,-14.478048,-16.558894
1786276252000,585.558851,-12.643402,-14.728644
1786276312000,589.693195,-12.109215,-14.182719
1786276372000,590.094173,-10.693804,-12.797633
1786276432000,569.816884,-30.115577,-32.252000
1786276492000,581.787368,-11.489401,-13.621570
1786276552000,575.445781,-22.639953,-24.742948
1786276612000,582.774601,-13.938953,-16.072572
1786276672000,578.948105,-17.031280,-19.160443
1786276732000,570.542545,-24.722051,-26.900196
1786276792000,570.109346,-24.004483,-26.183565
1786276852000,577.084234,-16.032297,-18.284705
1786276912000,580.951163,-12.120055,-14.566360
1786276972000,578.378740,-13.169852,-15.646949
1786277032000,579.561221,-10.589644,-12.943372
1786277092000,577.357422,-11.550684,-14.219897
1786277152000,558.906578,-29.856024,-32.206643
1786277212000,575.023922,-17.269985,-19.827861
1786277272000,575.824973,-10.211766,-12.717796
1786277332000,566.375004,-19.068235,-21.457668
1786277392000,573.626499,-11.214477,-13.599612
1786277452000,564.413805,-19.359187,-21.697901
1786277512000,559.984632,-22.742256,-25.151576
1786277572000,564.233138,-17.929195,-20.286304
1786277632000,562.184931,-18.893222,-21.429744
1786277692000,563.888285,-16.350403,-19.009188
1786277752000,563.027172,-23.738684,-26.389757
1786277812000,568.627693,-10.236498,-12.650921
1786277872000,566.749404,-11.935696,-14.308829
1786277932000,575.675551,-8.595625,-10.940387
1786277992000,547.751703,-29.696416,-32.018908
1786278052000,559.325481,-17.278543,-19.590497
1786278112000,558.941256,-12.146419,-14.442972
1786278172000,556.649339,-18.532620,-20.825647
1786278232000,550.261701,-24.245555,-26.541085
1786278292000,575.649277,-9.874110,-12.148866
1786278352000,553.974261,-13.873916,-16.204835
1786278412000,560.924453,-11.528924,-13.899834
1786278472000,549.740902,-21.950414,-24.319534
1786278532000,553.491811,-17.485072,-19.829876
1786278592000,553.316291,-16.897013,-19.255716
1786278652000,561.610852,-18.561716,-20.922321
1786278712000,545.500416,-23.819855,-26.177071
1786278772000,556.943298,-11.376912,-13.749235
1786278832000,546.659621,-17.019374,-19.377435
1786278892000,550.469163,-16.827848,-19.193896
1786278952000,549.478711,-11.656789,-14.001068
1786279012000,541.823471,-23.838496,-26.164243
1786279072000,514.790496,-9.037947,-11.388513
1786279132000,552.353653,-12.068926,-14.448312
1786279192000,544.939966,-18.669346,-21.032919
1786279252000,539.310129,-23.926097,-26.282526
1786279312000,550.436860,-11.775288,-14.152115
1786279372000,549.748552,-11.904472,-14.282163
1786279432000,551.142869,-9.629283,-12.045995
1786279492000,549.068559,-11.308548,-13.640290
1786279552000,548.377943,-11.314932,-13.519331
1786279612000,544.313744,-14.844305,-17.058593
1786279672000,529.417469,-29.107136,-31.291710
1786279732000,541.440545,-16.519174,-18.751011
1786279792000,535.305490,-28.548657,-30.824648
1786279852000,539.329499,-11.204006,-13.507096
1786279912000,540.960121,-10.712125,-13.191845
1786279972000,532.062889,-8.004886,-10.230666
1786280032000,536.576069,-17.874072,-20.102157
1786280092000,539.934217,-13.700397,-15.942349
1786280152000,544.232744,-8.942473,-11.166641
1786280212000,541.254361,-11.068964,-13.284281
1786280272000,539.374086,-12.164368,-14.405087
1786280332000,534.527960,-17.006259,-19.262210
1786280392000,538.562131,-11.473490,-13.763101
1786280452000,536.953389,-12.285941,-14.572583
1786280512000,541.333547,-7.481336,-9.768345
1786280572000,537.489519,-10.177611,-12.455361
1786280632000,519.239632,-27.972959,-30.217383
1786280692000,539.709445,-6.810456,-9.098751
1786280752000,534.727951,-5.670621,-7.974440
1786280812000,531.666557,-13.264087,-15.519732
1786280872000,535.143483,-10.664174,-12.909753
1786280932000,528.354703,-8.433572,-10.687501
1786280992000,534.151831,-8.831605,-11.122352
1786281052000,532.942088,-9.189645,-11.476144
1786281112000,532.179477,-9.408590,-11.713512
1786281172000,171.775442,-9.227761,-11.533694
1786281232000,172.132884,-8.734292,-11.005883
1786281292000,160.638829,-20.017917,-22.320934
1786281352000,171.124372,-9.414966,-11.687697
1786281412000,174.229283,-6.161173,-8.494314
1786281472000,170.571184,-9.696079,-12.060711
1786281532000,214.654795,-9.570397,-11.849874
1786281592000,171.509971,-8.434859,-10.657897
1786281652000,168.468686,-11.185116,-13.477052
1786281712000,171.619206,83.590568,-10.267953
1786281772000,162.984269,-16.500174,-18.669347
1786281832000,172.063657,-7.290963,-9.431798
1786281892000,169.184048,-9.960944,-12.167968
1786281952000,162.018417,-16.925270,-19.077152
1786282012000,165.234250,-18.409413,-20.596782
1786282072000,164.596126,-14.022639,-16.234662
1786282132000,296.838330,-13.946580,-16.140125
1786282192000,213.332854,-8.844084,-11.029792
1786282252000,169.141389,-15.951052,-18.108573
1786282312000,171.747501,-13.173073,-15.383267
1786282372000,170.433943,-7.109028,-9.235606
1786282432000,166.961962,-10.346778,-12.493446
1786282492000,167.317631,-9.869825,-11.992601
1786282552000,161.959992,-8.936877,-11.063064
1786282612000,168.801691,-10.125028,-12.263927
1786282672000,169.832462,-6.743412,-8.894937
1786282732000,165.591517,-15.228677,-17.374125
1786282792000,169.799066,-6.439218,-8.541289
1786282852000,166.082172,-9.928660,-11.980009
1786282912000,171.824278,-4.228901,-6.293516
1786282972000,166.068546,-9.486310,-11.663109
1786283032000,156.967927,-18.536380,-20.698928
1786283092000,166.916678,-8.302738,-10.466953
1786283152000,160.936250,-14.148788,-16.267159
1786283212000,163.720434,-7.558721,-9.622326
1786283272000,151.290102,-14.052008,-16.110370
1786283332000,163.454641,-26.194671,-28.252919
1786283392000,156.127257,-8.515478,-10.565788
1786283452000,170.402492,-6.111787,-8.168510
1786283512000,120.057788,-4.838572,-6.904487
1786283572000,105.491272,-8.157629,-10.265699
1786283632000,129.890018,-8.374660,-10.489042
1786283692000,167.079270,-6.582440,-8.717826
1786283752000,167.742368,-14.756045,-17.023583
1786283812000,165.598683,-7.707818,-9.871493
1786283872000,167.235510,-13.818721,-15.921465
1786283932000,161.404847,-11.727552,-13.841158
1786283992000,152.840227,-6.803293,-8.892620
1786284052000,158.341375,-18.231576,-20.298554
1786284112000,217.638449,-8.041185,-9.010190
1786284172000,509.594459,-13.263079,-15.494857
1786284232000,539.376734,-12.791194,-15.017745
1786284292000,520.223453,-7.203058,-9.364872
1786284352000,509.846892,-19.400445,-21.623149
1786284412000,520.174378,-7.909182,-10.150639
1786284472000,508.608773,-8.102761,-10.199640
1786284532000,503.106965,-7.396756,-9.396021
1786284592000,501.091783,-25.605096,-27.600572
