timestamp_ms,cha1_clean_filtered_phase_deg,cha2_clean_filtered_phase_deg,cha3_clean_filtered_phase_deg
1786197292000,-437.935092,-82.188715,-75.033271
1786197352000,-431.137487,-76.454536,-69.239630
1786197412000,-425.954373,-71.001846,-63.970969
1786197472000,-421.447536,-67.714163,-60.434378
1786197532000,-416.543600,-67.158221,-60.199303
1786197592000,-413.030148,-64.910020,-57.703891
1786197652000,-409.359557,-60.539974,-53.441485
1786197712000,-409.996316,-63.962569,-57.065160
1786197772000,-407.215708,-63.561683,-56.142094
1786197832000,-405.900406,-60.596707,-54.126341
1786197892000,-402.653957,-64.015601,-56.249031
1786197952000,-370.048842,-61.398992,-55.258513
1786198012000,-337.155675,-63.979326,-61.559391
1786198072000,-338.528293,-62.410392,-56.285771
1786198132000,-379.936230,-65.593972,-57.981329
1786198192000,-417.210509,-78.459497,-72.007176
1786198252000,-398.101438,-66.467301,-59.242539
1786198312000,-394.892351,-63.927103,-57.126265
1786198372000,-401.602617,-67.362799,-60.387447
1786198432000,-382.945533,-59.923912,-53.020711
1786198492000,-401.965500,-66.004987,-59.100685
1786198552000,-404.344568,-65.797956,-58.917493
1786198612000,-404.990348,-64.297174,-57.310741
1786198672000,-407.413043,-63.853750,-57.043140
1786198732000,-389.010239,-62.029516,-55.125231
1786198792000,-412.432183,-64.349174,-57.370202
1786198852000,-395.880750,-63.826457,-57.213127
1786198912000,-383.317598,-66.469142,-59.156353
1786198972000,-380.241553,-63.474389,-57.181069
1786199032000,-376.134712,-62.549370,-55.125160
1786199092000,-400.753765,-62.854230,-56.319429
1786199152000,-363.847121,-61.038809,-54.284285
1786199212000,-387.481778,-61.798540,-54.065468
1786199272000,-354.538174,-59.996856,-54.831470
1786199332000,-286.697529,-65.264921,-55.734546
1786199392000,-356.230006,-58.430918,-55.119508
1786199452000,-382.023991,-66.486379,-55.550053
1786199512000,-412.361500,-87.704486,-58.447966
1786199572000,-394.676132,-67.758059,-56.849117
1786199632000,-338.196832,-56.792723,-53.598711
1786199692000,-343.673733,-63.619388,-54.167595
1786199752000,-459.304530,-61.264588,-56.344289
1786199812000,-717.937037,-64.302367,-56.755616
1786199872000,-766.037815,-62.900606,-56.469934
1786199932000,-703.737800,-62.003441,-55.663771
1786199992000,-737.978165,-62.521659,-55.381775
1786200052000,-725.173687,-62.914112,-56.894524
1786200112000,-712.869666,-62.911950,-55.708119
1786200172000,-719.907459,-60.536008,-54.334234
1786200232000,-719.245429,-64.325015,-57.348438
1786200292000,-704.221581,-63.318300,-56.938557
1786200352000,-771.198856,-60.716050,-53.974074
1786200412000,-810.881170,-62.246493,-55.639308
1786200472000,-738.518680,-62.542247,-56.185599
1786200532000,-736.398054,-63.272875,-56.229259
1786200592000,-714.170409,-63.945312,-58.127172
1786200652000,-686.955657,-65.333914,-57.855822
1786200712000,-701.903157,-60.707015,-55.196532
1786200772000,-685.785053,-60.935518,-53.698325
1786200832000,-694.173504,-63.047897,-56.738645
1786200892000,-693.095814,-64.853916,-59.253799
1786200952000,-692.697397,-70.960043,-62.287732
1786201012000,-696.953402,-65.122437,-62.490630
1786201072000,-680.896853,-67.459620,-55.625221
1786201132000,-688.837868,-59.387242,-59.642633
1786201192000,-696.159383,-78.094069,-64.155952
1786201252000,-693.567378,-150.707213,-54.514851
1786201312000,-688.226012,-165.940587,-57.205890
1786201372000,-682.449136,-157.767961,-63.151042
1786201432000,-682.230287,-162.706495,-56.063203
1786201492000,-674.077815,-155.608675,-59.744627
1786201552000,-679.243933,-167.400558,-62.616675
1786201612000,-686.193162,-127.814642,-54.661245
1786201672000,-670.383394,-61.652240,-53.219049
1786201732000,-661.824459,-58.181994,-55.467375
1786201792000,-663.184119,-67.039896,-59.571031
1786201852000,-659.987946,-61.085858,-57.338532
1786201912000,-659.321180,-59.529799,-53.118234
1786201972000,-660.747490,-64.184226,-59.440795
1786202032000,-659.169620,-62.906602,-57.369107
1786202092000,-656.567140,-58.298571,-52.952927
1786202152000,-655.318932,-62.473954,-57.355295
1786202212000,-651.888838,-61.346906,-55.890438
1786202272000,-648.959367,-60.462725,-55.393871
1786202332000,-646.575285,-59.471810,-54.093918
1786202392000,-645.646033,-59.761611,-54.800805
1786202452000,-673.573269,-65.269764,-59.940974
1786202512000,-691.130375,-58.000914,-53.092013
1786202572000,-653.892168,-64.812620,-57.171888
1786202632000,-657.331746,-75.244313,-65.335506
1786202692000,-678.581966,-63.866477,-59.379298
1786202752000,-636.851017,-59.380213,-55.920420
1786202812000,-636.298772,-60.977202,-54.472506
1786202872000,-672.301300,-64.716078,-61.618692
1786202932000,-665.660891,-62.153068,-55.585692
1786202992000,-641.088690,-53.460601,-40.689286
1786203052000,-630.903763,-58.512184,-52.129144
1786203112000,-640.083762,-62.629171,-58.884070
1786203172000,-627.124277,-58.165074,-52.360129
1786203232000,-620.569796,-63.543208,-59.091333
1786203292000,-635.987574,-72.191926,-67.011868
1786203352000,-623.703374,-65.265374,-60.278842
1786203412000,-618.023001,-59.997465,-55.164616
1786203472000,-624.746091,-65.398545,-60.232108
1786203532000,-616.622819,-62.894582,-58.098806
1786203592000,-607.097472,-55.184394,-50.061613
1786203652000,-613.521899,-63.852293,-58.960559
1786203712000,-621.716719,-72.425035,-67.449514
1786203772000,-610.569245,-64.211235,-59.230420
1786203832000,-607.574704,-65.993851,-61.112106
1786203892000,-613.534355,-71.043118,-66.050279
1786203952000,-611.970855,-69.239015,-64.341652
1786204012000,-604.207679,-64.282642,-59.311094
1786204072000,-601.110721,-62.852659,-57.901436
1786204132000,-600.738718,-63.970599,-59.001594
1786204192000,-591.368883,-55.617645,-50.668400
1786204252000,-596.561636,-60.935794,-55.989848
1786204312000,-591.232456,-59.209130,-54.213742
1786204372000,-586.843812,-57.603221,-52.626708
1786204432000,-599.475854,-70.265999,-65.268808
1786204492000,-585.328750,-59.416080,-54.463062
1786204552000,-590.387444,-64.453325,-59.490115
1786204612000,-593.822166,-70.836370,-65.870467
1786204672000,-577.773423,-59.891609,-54.944273
1786204732000,-587.231760,-67.653937,-62.668457
1786204792000,-579.118668,-61.709294,-56.731524
1786204852000,-571.591635,-55.175544,-50.223809
1786204912000,-575.806638,-61.773383,-56.873393
1786204972000,-569.881186,-56.489100,-51.601847
1786205032000,-568.274229,-56.942736,-52.034511
1786205092000,-566.572090,-59.014751,-54.094327
1786205152000,-566.112352,-55.105981,-50.189100
1786205212000,-560.244576,-58.239260,-53.381288
1786205272000,-583.748133,-56.734800,-51.850485
1786205332000,-609.836740,-60.643593,-55.781678
1786205392000,-576.290526,-69.746562,-64.930750
1786205452000,-555.895998,-62.007917,-57.184132
1786205512000,-561.415995,-59.333177,-54.540741
1786205572000,-551.827455,-57.958624,-53.115661
1786205632000,-555.419193,-58.736702,-53.959125
1786205692000,-557.013740,-64.324547,-59.469266
1786205752000,-551.322672,-60.663781,-55.785068
1786205812000,-560.187686,-69.444198,-64.646377
1786205872000,-555.195227,-68.258355,-63.350831
1786205932000,-550.039540,-63.483903,-58.743115
1786205992000,-553.658351,-69.894305,-64.879824
1786206052000,-541.455163,-59.011846,-54.350519
1786206112000,-538.368791,-57.190668,-53.321227
1786206172000,-539.699819,-61.579021,-56.890909
1786206232000,-537.560284,-59.485216,-54.505299
1786206292000,-533.504094,-57.544165,-52.891989
1786206352000,-529.477804,-53.779668,-49.001000
1786206412000,-540.630883,-66.052653,-61.506178
1786206472000,-540.491245,-69.255068,-64.750227
1786206532000,-533.771627,-58.734707,-54.274503
1786206592000,-527.760707,-60.187692,-55.871537
1786206652000,-530.568839,-61.344667,-57.102485
1786206712000,-545.068423,-67.511084,-63.376957
1786206772000,-532.491800,-65.753798,-61.599318
1786206832000,-519.145319,-54.094288,-49.958355
1786206892000,-528.889620,-67.193227,-63.023884
1786206952000,-538.781084,-74.031776,-69.868093
1786207012000,-530.148958,-58.788312,-54.674440
1786207072000,-518.639832,-55.760031,-51.638482
1786207132000,-514.109160,-58.193502,-54.097160
1786207192000,-514.869494,-58.361413,-54.255639
1786207252000,-517.185037,-58.802753,-54.706960
1786207312000,-506.686923,-57.093443,-53.001880
1786207372000,-514.258054,-55.655091,-51.549877
1786207432000,-498.458055,-52.446492,-48.369674
1786207492000,-511.497196,-55.143866,-51.086096
1786207552000,-554.008741,-57.322538,-53.272410
1786207612000,-509.706877,-56.551296,-52.485406
1786207672000,-510.170390,-62.548849,-58.470641
1786207732000,-499.745861,-61.212243,-57.169498
1786207792000,-448.492389,-59.725915,-55.689132
1786207852000,-497.636153,-65.491591,-61.450945
1786207912000,-508.850503,-59.027457,-55.016172
1786207972000,-481.928065,-51.251687,-47.220949
1786208032000,-505.354697,-62.904007,-58.862277
1786208092000,-503.184479,-67.483892,-63.472574
1786208152000,-487.278326,-56.408744,-52.425192
1786208212000,-503.914054,-62.825189,-58.871703
1786208272000,-488.521600,-67.388348,-63.431327
1786208332000,-502.857580,-58.925403,-54.986187
1786208392000,-562.054120,-60.504804,-56.594661
1786208452000,-501.647832,-59.121430,-55.190715
1786208512000,-467.826419,-55.001127,-51.060195
1786208572000,-493.936381,-55.457630,-51.517404
1786208632000,-423.353288,-55.385400,-51.421074
1786208692000,-402.500221,-56.753768,-52.788292
1786208752000,-465.510671,-54.823563,-50.868831
1786208812000,-490.139056,-59.269752,-55.320664
1786208872000,-478.887069,-69.748947,-65.810341
1786208932000,-510.847055,-62.186210,-58.262405
1786208992000,-494.852922,-52.166800,-48.335912
1786209052000,-356.263102,-55.104166,-51.251559
1786209112000,-350.936530,-55.718894,-51.891742
1786209172000,-463.952806,-52.839050,-49.056085
1786209232000,-468.453345,-51.633536,-47.733263
1786209292000,-460.106527,-58.324540,-54.472666
1786209352000,-488.065655,-62.632887,-58.697736
1786209412000,-454.696170,-58.756198,-54.888450
1786209472000,-421.664942,-58.457086,-54.582735
1786209532000,-456.933621,-57.456347,-53.598425
1786209592000,-469.223621,-56.636992,-52.858266
1786209652000,-449.119428,-53.868777,-49.949742
1786209712000,-456.071165,-53.974164,-50.385616
1786209772000,-460.614999,-60.123608,-56.118173
1786209832000,-457.215974,-57.256067,-53.511906
1786209892000,-459.791634,-55.942796,-52.113480
1786209952000,-457.344871,-56.168991,-52.087946
1786210012000,-451.263057,-54.468107,-51.108757
1786210072000,-446.418335,-54.563205,-50.092431
1786210132000,-449.303259,-53.830031,-51.295213
1786210192000,-458.024174,-65.550282,-60.828460
1786210252000,-457.245892,-71.540275,-61.709317
1786210312000,-455.434499,-66.577426,-61.541658
1786210372000,-454.023165,-64.804856,-61.907421
1786210432000,-445.144259,-58.054240,-53.468505
1786210492000,-443.693111,-57.491065,-54.032373
1786210552000,-441.479994,-57.271002,-53.557691
1786210612000,-434.640321,-52.984368,-48.389545
1786210672000,-434.279745,-54.323324,-49.111259
1786210732000,-436.504009,-55.475324,-51.456396
1786210792000,-436.467227,-57.335838,-53.949654
1786210852000,-432.594627,-54.705212,-50.705688
1786210912000,-432.672558,-53.780312,-50.107302
1786210972000,-434.802558,-59.772376,-55.980034
1786211032000,-432.514092,-59.412646,-55.489257
1786211092000,-431.715617,-58.607834,-55.006990
1786211152000,-431.161902,-60.297975,-56.341422
1786211212000,-431.011259,-60.663571,-56.924986
1786211272000,-430.329593,-61.667196,-58.046813
1786211332000,-426.095625,-58.651690,-54.647783
1786211392000,-422.876510,-54.765089,-51.969836
1786211452000,-416.811176,-51.977369,-47.699572
1786211512000,-422.497678,-56.243772,-53.865966
1786211572000,-431.960320,-63.613157,-65.691439
1786211632000,-423.837697,-61.628111,-59.380264
1786211692000,-426.127833,-65.296027,-61.231936
1786211752000,-428.714302,-67.971335,-65.083694
1786211812000,-420.834096,-63.276190,-58.989035
1786211872000,-416.518182,-60.122685,-56.883613
1786211932000,-407.706785,-53.257490,-50.065836
1786211992000,-402.296582,-49.510366,-46.382739
1786212052000,-402.872234,-49.591301,-46.955951
1786212112000,-406.557057,-54.840856,-51.914275
1786212172000,-407.589340,-57.067158,-54.295853
1786212232000,-408.015851,-56.171700,-53.018356
1786212292000,-410.374923,-62.618415,-59.780560
1786212352000,-408.108166,-60.056920,-57.273413
1786212412000,-404.505736,-60.788642,-57.265259
1786212472000,-397.529791,-61.359814,-57.794849
1786212532000,-388.815491,-47.401854,-44.231222
1786212592000,-386.293942,-45.606882,-42.630769
1786212652000,-390.347269,-48.748273,-45.662850
1786212712000,-386.463670,-47.862789,-44.646135
1786212772000,-396.155465,-57.269348,-53.879769
1786212832000,-403.138300,-64.631912,-61.223690
1786212892000,-390.744570,-58.376134,-55.223898
1786212952000,-391.586868,-50.408949,-47.626756
1786213012000,-383.193044,-50.517150,-47.184672
1786213072000,-404.718551,-56.990923,-52.811724
1786213132000,-379.967111,-64.058681,-60.403440
1786213192000,-318.322880,-69.221731,-65.724515
1786213252000,-376.751159,-65.026986,-61.234908
1786213312000,-381.395046,-47.010404,-43.783903
1786213372000,-350.234707,-38.039162,-35.307766
1786213432000,-377.394060,-41.339827,-38.655022
1786213492000,-364.168488,-48.716796,-45.631239
1786213552000,-389.734457,-60.206373,-56.822356
1786213612000,-375.501515,-61.856258,-58.362054
1786213672000,-379.948300,-57.641488,-54.037542
1786213732000,-497.610698,-59.530933,-56.184686
1786213792000,-468.977346,-64.622688,-61.073117
1786213852000,-368.089354,-53.447063,-49.801217
1786213912000,-363.945869,-47.334226,-44.245106
1786213972000,-366.758218,-59.870997,-56.788488
1786214032000,-370.193223,-57.114003,-53.769062
1786214092000,-371.716194,-57.700929,-54.159304
1786214152000,-364.992903,-61.248620,-57.605872
1786214212000,-362.393950,-55.223723,-51.842544
1786214272000,-355.394948,-50.994985,-48.041894
1786214332000,-364.769312,-54.205110,-51.336392
1786214392000,-372.054703,-66.090551,-62.795353
1786214452000,-360.544242,-59.814311,-56.523165
1786214512000,-352.951207,-51.615828,-48.248694
1786214572000,-348.181981,-50.104659,-46.757582
1786214632000,-346.791250,-47.946294,-44.999900
1786214692000,-351.487527,-53.968828,-50.750182
1786214752000,-358.710621,-60.947575,-57.518422
1786214812000,-362.425989,-67.540634,-64.061053
1786214872000,-348.427915,-54.251324,-51.438732
1786214932000,-344.107931,-53.920302,-50.974680
1786214992000,-363.054355,-70.281597,-66.878308
1786215052000,-359.480885,-60.739192,-57.683592
1786215112000,-343.170225,-55.543595,-51.466995
1786215172000,-343.386716,-57.632798,-55.562510
1786215232000,-347.749286,-63.711432,-59.882552
1786215292000,-342.025900,-62.020464,-52.529043
1786215352000,-327.696876,-47.806714,-43.839456
1786215412000,-342.579586,-55.685529,-54.477005
1786215472000,-339.994541,-57.879694,-52.841434
1786215532000,-332.682665,-56.413275,-54.546954
1786215592000,-345.701323,-61.990733,-58.107007
1786215652000,-317.055615,-54.033990,-46.269457
1786215712000,-361.811832,-64.186990,-60.846643
1786215772000,-325.289238,-71.231869,-68.816202
1786215832000,-208.487104,-60.525506,-57.037956
1786215892000,-313.681635,-64.137456,-61.501320
1786215952000,-355.135125,-61.576341,-58.384868
1786216012000,-312.450250,-60.055491,-57.253662
1786216072000,-342.180089,-55.977895,-53.163569
1786216132000,-304.073516,-47.926054,-44.845361
1786216192000,-339.476825,-60.236026,-57.344205
1786216252000,-382.065178,-60.799889,-57.912395
1786216312000,-338.187818,-62.033355,-59.085100
1786216372000,-325.937838,-70.979436,-67.550777
1786216432000,-323.430017,-55.452341,-52.535226
1786216492000,-331.122428,-47.443645,-44.527193
1786216552000,-337.059017,-70.173805,-67.409983
1786216612000,-331.144188,-79.055621,-76.023093
1786216672000,-318.543191,-56.135474,-53.288062
1786216732000,-310.133718,-56.184652,-54.141346
1786216792000,-312.279868,-66.133949,-62.521588
1786216852000,-311.695103,-59.008111,-57.661344
1786216912000,-318.688425,-66.552843,-62.092318
1786216972000,-310.047744,-67.393847,-56.726111
1786217032000,-313.630351,-62.537841,-58.499692
1786217092000,-306.968341,-55.864130,-54.763312
1786217152000,-290.050951,-42.320424,-39.180874
1786217212000,-306.008834,-53.088921,-51.436694
1786217272000,-294.027253,-51.083586,-48.747198
1786217332000,-300.990168,-46.804933,-44.735563
1786217392000,-300.519688,-67.607001,-64.794157
1786217452000,-248.801220,-50.247859,-47.269715
1786217512000,-270.279686,-39.594758,-37.911933
1786217572000,-308.601239,-63.019945,-59.479877
1786217632000,-284.053590,-50.608598,-49.297350
1786217692000,-294.362740,-46.066444,-48.385387
1786217752000,-303.071447,-63.703487,-62.091769
1786217812000,-290.503765,-61.653929,-58.289541
1786217872000,-313.642271,-64.176048,-62.802860
1786217932000,-269.507274,-52.755442,-50.280271
1786217992000,-294.748891,-36.241265,-36.180217
1786218052000,-397.299319,-59.124038,-60.834621
1786218112000,-330.498623,-77.797295,-76.171381
1786218172000,-283.390797,-75.623969,-71.386218
1786218232000,-296.102043,-65.757088,-60.410444
1786218292000,-271.658097,-57.916649,-54.288259
1786218352000,-299.835441,-69.794783,-67.282469
1786218412000,-295.803742,-66.837753,-64.160948
1786218472000,-288.895209,-69.630766,-67.443726
1786218532000,-303.289649,-71.320673,-68.652594
1786218592000,-249.217608,-48.488280,-45.777817
1786218652000,-231.009274,-64.923012,-62.508064
1786218712000,-275.114002,-71.270316,-68.729499
1786218772000,-275.866859,-54.380097,-51.698430
1786218832000,-256.743981,-54.090650,-51.682570
1786218892000,-263.838655,-53.642468,-51.016587
1786218952000,-269.105375,-67.270076,-65.151096
1786219012000,-265.197051,-56.268284,-52.707602
1786219072000,-252.900758,-52.820333,-47.449036
1786219132000,-257.875193,-60.292287,-58.135922
1786219192000,-253.225433,-45.372194,-44.289127
1786219252000,-150.055554,-63.198439,-61.281861
1786219312000,-109.932409,-54.543954,-52.746928
1786219372000,-227.151235,-42.065091,-40.442509
1786219432000,-275.833790,-66.637458,-63.828515
1786219492000,-139.329716,-56.165631,-53.657828
1786219552000,60.225615,-45.121823,-44.458977
1786219612000,125.483165,-52.421944,-49.246525
1786219672000,96.047469,-64.924319,-64.682557
1786219732000,97.224550,-73.622981,-70.292639
1786219792000,120.712345,-55.475740,-47.404362
1786219852000,130.092764,-41.722847,-39.923534
1786219912000,110.203848,-47.617658,-44.906377
1786219972000,98.576653,-57.014364,-55.901577
1786220032000,91.824547,-67.024106,-62.263555
1786220092000,141.943462,-61.596734,-52.978386
1786220152000,101.337590,-49.803730,-45.407358
1786220212000,0.870234,-53.501065,-42.964016
1786220272000,104.116470,-56.963275,-51.833442
1786220332000,140.317567,-54.968223,-55.193275
1786220392000,118.428007,-42.888847,-39.093681
1786220452000,172.419381,-49.709893,-48.288026
1786220512000,150.342691,-62.813780,-60.135927
1786220572000,141.973936,-48.953055,-46.700069
1786220632000,125.775902,-59.300065,-57.460637
1786220692000,127.322582,-56.510879,-54.559474
1786220752000,146.120175,-39.963700,-39.267313
1786220812000,119.404693,-57.548746,-54.936545
1786220872000,139.509001,-53.107676,-50.635411
1786220932000,132.496505,-47.516852,-45.213271
1786220992000,127.859812,-64.494290,-62.096521
1786221052000,164.899914,-54.447301,-52.316363
1786221112000,149.624231,-41.428845,-39.157724
1786221172000,133.824025,-51.191311,-49.496340
1786221232000,140.589081,-48.792460,-46.871029
1786221292000,146.469030,-42.810913,-40.890273
1786221352000,142.186713,-43.138364,-42.213754
1786221412000,137.203070,-35.627586,-35.000310
1786221472000,137.817984,-40.908144,-39.853766
1786221532000,132.178460,-56.029591,-54.875288
1786221592000,133.988532,-61.104070,-58.971266
1786221652000,135.978681,-52.674618,-50.832643
1786221712000,152.117587,-41.151955,-41.099580
1786221772000,152.929644,-37.782855,-36.342703
1786221832000,149.022590,-47.125604,-44.784175
1786221892000,140.302660,-56.616628,-55.046488
1786221952000,127.796443,-50.936192,-49.388120
1786222012000,148.680130,-59.011202,-59.160779
1786222072000,123.753898,-66.398652,-64.000426
1786222132000,163.355186,-56.587333,-50.131115
1786222192000,98.274535,-51.796056,-49.299717
1786222252000,-187.428542,-52.426289,-52.016327
1786222312000,-240.442661,-57.499441,-55.369503
1786222372000,-183.249941,-48.432577,-47.406147
1786222432000,-231.283938,-58.623662,-56.842340
1786222492000,-219.555477,-68.167366,-66.172535
1786222552000,-196.114760,-43.700313,-42.324440
1786222612000,-204.593250,-60.067379,-57.361535
1786222672000,-211.963253,-64.762069,-63.987205
1786222732000,-185.774756,-35.186729,-33.086409
1786222792000,-177.418841,-45.636310,-39.299196
1786222852000,-202.194381,-63.827699,-60.342601
1786222912000,-202.417112,-66.687355,-64.020923
1786222972000,-193.848738,-63.638339,-60.071016
1786223032000,-188.251056,-63.881691,-63.528081
1786223092000,-188.784076,-62.714375,-59.181782
1786223152000,-195.726565,-60.615267,-53.381683
1786223212000,-203.350311,-66.192548,-62.900114
1786223272000,-187.149161,-53.151508,-51.889348
1786223332000,-181.041662,-43.969232,-42.051788
1786223392000,-192.427694,-52.939148,-52.287941
1786223452000,-184.931282,-58.507509,-57.987046
1786223512000,-185.822291,-59.007288,-57.304828
1786223572000,-180.869761,-50.108648,-50.208864
1786223632000,-177.204362,-50.356082,-48.204676
1786223692000,-179.782179,-61.088297,-54.283084
1786223752000,-181.106849,-63.387822,-61.385900
1786223812000,-183.492161,-62.322126,-62.383875
1786223872000,-177.258011,-65.839376,-63.169561
1786223932000,-170.785060,-54.164406,-53.082216
1786223992000,-162.566401,-42.371795,-40.762123
1786224052000,-171.408762,-56.799397,-55.148181
1786224112000,-159.851019,-46.325428,-45.036413
1786224172000,-156.433279,-42.482218,-40.689638
1786224232000,-170.065705,-58.845874,-57.917187
1786224292000,-152.025028,-46.448808,-44.347454
1786224352000,-172.680732,-57.980509,-57.859969
1786224412000,-166.693231,-60.450934,-58.476877
1786224472000,-140.279362,-40.447057,-32.192650
1786224532000,-155.009871,-51.650072,-47.272829
1786224592000,-152.786929,-53.991798,-53.686392
1786224652000,-145.893225,-45.544428,-45.909196
1786224712000,-133.238257,-37.358133,-37.462461
1786224772000,-140.830367,-35.402190,-32.201173
1786224832000,-128.994809,-44.271746,-45.183228
1786224892000,-149.285642,-44.845891,-49.731997
1786224952000,-204.967172,-44.288293,-44.611699
1786225012000,-139.021986,-40.073220,-35.122777
1786225072000,-119.670832,-52.900369,-45.558269
1786225132000,-156.566264,-64.181225,-61.324612
1786225192000,-122.585608,-41.080708,-41.109123
1786225252000,-130.024363,-47.249428,-44.893565
1786225312000,-151.520906,-69.809451,-69.512244
1786225372000,-138.749019,-60.879953,-58.996836
1786225432000,-126.681908,-48.697902,-45.715266
1786225492000,-124.832214,-42.235763,-40.558271
1786225552000,-124.133174,-49.411546,-42.242643
1786225612000,-123.861618,-49.518685,-48.531663
1786225672000,-125.843419,-45.354156,-49.793444
1786225732000,-121.659088,-63.676295,-59.653323
1786225792000,-121.127052,-56.735029,-54.496919
1786225852000,-110.838051,-42.074618,-41.876464
1786225912000,-105.831554,-43.759194,-41.376735
1786225972000,-109.659307,-44.647514,-44.468644
1786226032000,-86.970619,-57.650185,-55.577425
1786226092000,-66.031788,-49.210907,-47.929364
1786226152000,-91.323986,-46.774806,-45.507895
1786226212000,-120.999053,-63.477553,-61.211761
1786226272000,-106.466598,-48.367953,-49.284699
1786226332000,-98.062649,-45.844307,-42.798267
1786226392000,-99.763443,-49.075699,-49.978170
1786226452000,-85.715713,-38.407947,-42.136137
1786226512000,-96.737269,-56.565669,-49.550630
1786226572000,-95.878860,-54.902615,-51.629695
1786226632000,-70.019893,-29.388557,-30.083163
1786226692000,-85.417852,-41.820559,-39.171289
1786226752000,-89.278340,-46.892991,-45.718687
1786226812000,-72.038489,-35.614598,-34.235419
1786226872000,-83.097485,-49.324410,-48.141758
1786226932000,-80.787275,-50.653530,-48.926207
1786226992000,-89.432036,-51.334285,-50.879783
1786227052000,-91.191561,-56.546484,-55.370719
1786227112000,-69.220865,-35.669330,-36.068260
1786227172000,-80.554757,-42.834013,-46.845872
1786227232000,-85.549692,-58.273344,-57.519865
1786227292000,-74.966169,-44.333744,-42.496726
1786227352000,-61.097408,-42.626194,-41.814420
1786227412000,-72.188971,-39.914532,-39.612662
1786227472000,-94.701972,-43.843068,-42.236751
1786227532000,-84.001690,-50.403481,-50.577150
1786227592000,-50.827039,-40.916242,-40.274628
1786227652000,32.458535,-50.871707,-40.015764
1786227712000,33.457395,-47.677328,-45.172832
1786227772000,-53.782678,-41.914622,-39.639380
1786227832000,-65.919588,-61.665966,-48.778309
1786227892000,-62.339913,-51.951159,-49.804765
1786227952000,-59.928106,-43.900808,-44.579202
1786228012000,-57.172331,-58.340566,-55.703547
1786228072000,-60.729312,-49.321623,-48.873261
1786228132000,-47.601879,-40.899439,-39.641591
1786228192000,-58.646155,-52.949474,-51.551532
1786228252000,-52.063699,-49.296889,-48.696356
1786228312000,-48.099570,-45.696492,-42.656027
1786228372000,-65.117774,-60.750014,-53.781945
1786228432000,-52.305573,-51.269287,-48.979002
1786228492000,-51.860680,-41.590699,-42.296558
1786228552000,-50.587576,-51.947007,-50.593572
1786228612000,-40.265803,-42.997505,-42.994666
1786228672000,-30.819188,-32.010423,-31.718880
1786228732000,-31.237522,-41.568730,-40.405904
1786228792000,-52.611427,-53.101727,-52.611231
1786228852000,-34.425907,-52.445583,-51.097848
1786228912000,-69.198307,-50.560911,-49.040555
1786228972000,-108.217988,-46.693602,-46.629211
1786229032000,-40.851318,-44.383314,-43.302435
1786229092000,-28.958400,-47.743342,-49.135682
1786229152000,-32.262755,-41.151157,-40.074044
1786229212000,-16.685398,-44.539048,-35.794051
1786229272000,-42.321393,-59.800509,-57.333596
1786229332000,-37.471929,-65.291925,-65.575601
1786229392000,-27.396486,-53.275759,-51.101954
1786229452000,-26.577169,-44.340922,-44.438231
1786229512000,-34.865913,-61.025089,-59.227495
1786229572000,-39.587212,-61.554370,-61.731434
1786229632000,-24.795573,-53.076139,-50.867120
1786229692000,-13.290626,-46.311918,-39.733856
1786229752000,5.773338,-25.535248,-24.822581
1786229812000,-22.882379,-51.127107,-50.958701
1786229872000,-51.050184,-81.790782,-80.205174
1786229932000,-13.232975,-54.190398,-55.330480
1786229992000,-1.417458,-37.864982,-37.831759
1786230052000,-12.622692,-46.488317,-44.935322
1786230112000,-12.700560,-50.698157,-50.560670
1786230172000,-12.712050,-52.106627,-51.004071
1786230232000,-7.535061,-46.421580,-45.329051
1786230292000,-6.792596,-42.944812,-44.298765
1786230352000,-7.476757,-46.591788,-46.538068
1786230412000,-13.135077,-53.509557,-53.533049
1786230472000,-14.310249,-57.070350,-55.971850
1786230532000,-3.315248,-51.649110,-51.013667
1786230592000,1.965239,-50.057936,-50.499741
1786230652000,-0.627731,-52.738303,-51.017808
1786230712000,-3.631799,-49.922977,-51.630328
1786230772000,-1.004579,-46.950550,-50.831132
1786230832000,1.302214,-43.032341,-48.144404
1786230892000,5.979404,-46.745021,-40.236514
1786230952000,8.617107,-49.431583,-46.029702
1786231012000,8.852958,-17.804289,-51.704838
1786231072000,15.270591,3.070263,-42.148215
1786231132000,16.709821,-6.434280,-43.551239
1786231192000,15.268633,-7.767667,-43.456098
1786231252000,12.389784,-10.849476,-50.159540
1786231312000,19.082129,-3.447589,-42.400679
1786231372000,29.952058,-7.280855,-36.457926
1786231432000,18.861765,-18.775161,-54.496453
1786231492000,8.305645,-2.724606,-43.200682
1786231552000,21.218132,-9.094437,-46.736782
1786231612000,28.458500,-9.074733,-48.966636
1786231672000,29.204164,0.159779,-38.332988
1786231732000,27.776772,-15.298806,-52.865604
1786231792000,18.496127,-7.587011,-46.331970
1786231852000,43.060411,-3.355080,-43.049268
1786231912000,4.888731,-6.912694,-45.836503
1786231972000,-132.217673,-4.259018,-43.453347
1786232032000,-178.600123,-13.930980,-48.891368
1786232092000,-132.054966,-6.593726,-46.811736
1786232152000,-179.656763,-17.320164,-53.502314
1786232212000,-311.311165,-53.785930,-53.526415
1786232272000,-334.040602,-48.721272,-39.329544
1786232332000,-296.115015,-29.937680,-30.138771
1786232392000,-317.977513,-42.330815,-39.734427
1786232452000,-328.256375,-58.001254,-56.584985
1786232512000,-323.393383,-55.632642,-53.395150
1786232572000,-316.423213,-49.531664,-48.192298
1786232632000,-304.336207,-42.116280,-39.856977
1786232692000,-303.023535,-39.297895,-38.193278
1786232752000,-300.117949,-52.726846,-50.843395
1786232812000,-298.184930,-44.450683,-42.646861
1786232872000,-299.177485,-39.824670,-39.273442
1786232932000,-299.788701,-49.474936,-45.328545
1786232992000,-295.960451,-33.977160,-36.183878
1786233052000,-299.081693,-49.776689,-42.762780
1786233112000,-292.659346,-40.647633,-45.395252
1786233172000,-286.097070,-45.645630,-38.144051
1786233232000,-297.818652,-135.483698,-47.312973
1786233292000,-295.196138,-147.043691,-47.078771
1786233352000,-302.636808,-148.950310,-54.492786
1786233412000,-301.389737,-152.788195,-56.511596
1786233472000,-283.672786,-79.441064,-38.678770
1786233532000,-287.336861,-70.886536,-44.139415
1786233592000,-283.902489,-84.600572,-50.480806
1786233652000,-288.549473,-72.516997,-47.981733
1786233712000,-290.205744,-80.310741,-47.423779
1786233772000,-278.112403,-78.733176,-42.555378
1786233832000,-278.266219,-71.255362,-39.581578
1786233892000,-273.477793,-70.437278,-42.356408
1786233952000,-279.504765,-83.918985,-52.278165
1786234012000,-289.175260,-91.848522,-56.858571
1786234072000,-277.660571,-77.320677,-47.470962
1786234132000,-266.757225,-66.028961,-37.873095
1786234192000,-273.621251,-76.613692,-47.545168
1786234252000,-273.071019,-80.168487,-50.909165
1786234312000,-259.308083,-68.478613,-40.222097
1786234372000,-259.056751,-68.352121,-38.765589
1786234432000,-263.232651,-72.576837,-44.448293
1786234492000,-267.055256,-79.466513,-55.541512
1786234552000,-259.293540,-75.561607,-47.678198
1786234612000,-257.670513,-70.833861,-43.282519
1786234672000,-264.555528,-77.544424,-50.188114
1786234732000,-248.313104,-62.555099,-35.697755
1786234792000,-253.610735,-53.111973,-43.186802
1786234852000,-261.741832,-58.656775,-59.908970
1786234912000,-259.603717,-49.502183,-50.324087
1786234972000,-262.410052,-34.502314,-36.206866
1786235032000,-246.272535,-35.835027,-37.596998
1786235092000,-251.111874,-50.826560,-53.036716
1786235152000,-240.225364,-35.403003,-37.584382
1786235212000,-224.909685,-26.629049,-29.086788
1786235272000,-243.383610,-43.983725,-45.997995
1786235332000,-234.089358,-36.553382,-36.201070
1786235392000,-242.841015,-46.804069,-48.285914
1786235452000,-247.061441,-51.566806,-55.061323
1786235512000,-226.634960,-33.484608,-35.678427
1786235572000,-231.256940,-42.234433,-46.247927
1786235632000,-227.241224,-38.193588,-40.125851
1786235692000,-235.803125,-37.675418,-35.532108
1786235752000,-224.574693,-35.886108,-38.253868
1786235812000,-207.064874,-20.153026,-24.263933
1786235872000,-213.438269,-33.055284,-35.849091
1786235932000,-198.559231,-34.337227,-37.628060
1786235992000,-209.646162,-31.191859,-33.840341
1786236052000,-214.929658,-36.142350,-39.306719
1786236112000,-216.115971,-36.470148,-39.440354
1786236172000,-225.623914,-41.701619,-44.808041
1786236232000,-223.463895,-39.358772,-42.632679
1786236292000,-220.554070,-45.946912,-49.515704
1786236352000,-206.048331,-46.562032,-50.017405
1786236412000,-218.536581,-48.677205,-52.197793
1786236472000,-77.684555,-55.143956,-58.822555
1786236532000,148.875531,-37.892430,-40.117052
1786236592000,173.205806,-33.450141,-38.291867
1786236652000,144.854693,-38.008300,-39.164203
1786236712000,134.804011,-42.425573,-40.851269
1786236772000,133.826195,-49.098654,-51.970350
1786236832000,164.122166,-43.019639,-41.676585
1786236892000,156.039743,-41.651176,-42.731292
1786236952000,153.246201,-48.341024,-52.818904
1786237012000,165.549918,-43.111092,-43.095132
1786237072000,170.376489,-28.737286,-33.192524
1786237132000,165.561090,-30.753162,-38.025878
1786237192000,171.384095,-29.708401,-34.056851
1786237252000,177.285622,-27.861667,-33.565442
1786237312000,163.093038,-36.569739,-41.021930
1786237372000,169.987436,-31.258242,-33.193063
1786237432000,168.204685,-35.092764,-40.351689
1786237492000,169.493886,-40.704716,-41.734094
1786237552000,175.919735,-42.414918,-40.694365
1786237612000,162.004469,-45.260171,-51.672243
1786237672000,174.303212,-33.423257,-38.762879
1786237732000,183.300300,-28.280142,-30.638121
1786237792000,184.699450,-25.420571,-29.224989
1786237852000,177.616862,-36.184792,-38.375270
1786237912000,152.677329,-54.662835,-55.664434
1786237972000,165.536185,-47.808342,-51.673393
1786238032000,179.006991,-36.599292,-43.096233
1786238092000,185.238604,-28.185644,-31.965033
1786238152000,184.796356,-31.969690,-34.862751
1786238212000,174.013227,-34.503147,-37.957795
1786238272000,197.287272,-24.043719,-28.919296
1786238332000,181.770870,-33.660157,-35.919836
1786238392000,196.076423,-42.455598,-39.560628
1786238452000,233.025381,-39.189828,-41.599070
1786238512000,175.711919,-37.968052,-42.689710
1786238572000,186.294771,-37.900444,-41.173525
1786238632000,186.369689,-42.810830,-47.110059
1786238692000,179.344137,-42.546656,-45.457831
1786238752000,323.184958,-43.121637,-46.644765
1786238812000,322.534912,-37.960166,-40.363538
1786238872000,198.575635,-37.021558,-37.710163
1786238932000,185.634074,-52.546122,-55.637383
1786238992000,187.563559,-45.027987,-50.293435
1786239052000,188.790226,-37.343531,-40.221495
1786239112000,195.504532,-40.250850,-42.337050
1786239172000,197.575976,-32.140060,-35.937169
1786239232000,203.576352,-32.227033,-35.806590
1786239292000,194.667647,-33.870017,-38.967746
1786239352000,200.798012,-37.938062,-40.289116
1786239412000,205.937678,-33.997045,-37.305103
1786239472000,199.823906,-36.907976,-39.050909
1786239532000,201.632040,-49.085246,-44.223132
1786239592000,205.930568,-33.821731,-36.574844
1786239652000,208.730423,-38.269531,-43.716443
1786239712000,193.944833,-42.517165,-47.303574
1786239772000,212.460665,-34.159323,-39.125324
1786239832000,276.585600,-42.657195,-39.686338
1786239892000,260.778187,-29.720834,-31.583972
1786239952000,205.710889,-33.065207,-38.716520
1786240012000,220.170805,-39.838678,-42.325408
1786240072000,212.731212,-29.181435,-32.814719
1786240132000,191.651838,-36.373748,-39.701156
1786240192000,208.247911,-36.567469,-40.838195
1786240252000,207.672897,-35.351842,-39.711660
1786240312000,218.861244,-29.135973,-33.056665
1786240372000,218.411647,-33.624418,-37.504025
1786240432000,196.271324,-54.590689,-57.867447
1786240492000,209.927992,-43.885369,-47.841011
1786240552000,223.126899,-29.508935,-33.637388
1786240612000,219.220240,-36.617811,-40.901576
1786240672000,219.750145,-40.505973,-44.694258
1786240732000,221.693965,-33.405521,-37.631989
1786240792000,215.172705,-36.758389,-40.916399
1786240852000,216.476740,-52.248415,-54.837655
1786240912000,214.590287,-37.934449,-42.527675
1786240972000,213.881895,-15.843928,-21.614033
1786241032000,220.591612,-40.046488,-42.919837
1786241092000,217.442765,-51.214117,-56.746956
1786241152000,239.465416,-27.596197,-30.637975
1786241212000,191.142351,-41.376900,-39.736980
1786241272000,134.133787,-50.620741,-55.294505
1786241332000,202.431223,-37.843379,-43.075391
1786241392000,239.757972,-34.888773,-38.109030
1786241452000,244.339969,-17.572192,-22.627027
1786241512000,248.913631,-21.438913,-25.873612
1786241572000,230.605997,-34.765392,-39.793440
1786241632000,242.568961,-29.044162,-33.017239
1786241692000,244.458771,-27.306657,-31.543348
1786241752000,233.205167,-34.590669,-40.562500
1786241812000,229.524634,-41.538124,-46.339170
1786241872000,234.628508,-31.383115,-36.129356
1786241932000,231.770823,-43.338092,-47.745252
1786241992000,233.123233,-41.123168,-45.527941
1786242052000,256.168739,-13.768947,-19.745332
1786242112000,237.947650,-37.464992,-40.980671
1786242172000,238.720260,-40.980882,-41.977525
1786242232000,289.869502,-22.708140,-26.476972
1786242292000,282.370304,-35.818132,-40.669728
1786242352000,249.026588,-31.069206,-35.121877
1786242412000,248.204230,-31.196935,-35.563485
1786242472000,252.165251,-40.498425,-44.538479
1786242532000,256.083390,-33.322377,-37.845575
1786242592000,244.213691,-38.113194,-42.668001
1786242652000,240.771634,-36.140449,-40.325578
1786242712000,249.757884,-33.983483,-38.690151
1786242772000,246.862974,-39.675070,-44.065372
1786242832000,268.095736,-16.674902,-21.195223
1786242892000,264.879529,-22.199971,-27.543827
1786242952000,245.112119,-40.843604,-45.394202
1786243012000,265.798537,-20.329005,-25.271349
1786243072000,258.633204,-31.841224,-36.100612
1786243132000,248.148094,-39.958651,-38.765606
1786243192000,258.897388,-25.034772,-25.035341
1786243252000,257.015900,-34.075557,-39.827562
1786243312000,269.187907,-27.338284,-32.107585
1786243372000,264.562225,-31.152271,-35.307333
1786243432000,256.018933,-40.739996,-45.454010
1786243492000,264.170929,-30.728733,-34.624841
1786243552000,251.462691,-38.278677,-43.168036
1786243612000,245.649154,-43.571591,-48.005748
1786243672000,251.827273,-46.515438,-50.016291
1786243732000,263.859449,-40.356941,-44.541877
1786243792000,264.124353,-33.882353,-38.173293
1786243852000,251.692674,-44.604422,-48.734712
1786243912000,259.341603,-41.188614,-45.814784
1786243972000,259.748852,-41.793433,-46.649477
1786244032000,263.475473,-37.454600,-42.268839
1786244092000,269.483501,-31.681626,-37.004800
1786244152000,261.056052,-40.986933,-45.653741
1786244212000,257.547491,-43.999227,-48.959381
1786244272000,260.570211,-46.232770,-50.803180
1786244332000,267.536717,-34.071906,-37.791895
1786244392000,274.192770,-33.398633,-39.137881
1786244452000,291.004859,-36.448208,-39.408397
1786244512000,282.776545,-22.574384,-23.237316
1786244572000,261.847473,-37.575877,-39.912434
1786244632000,268.583836,-41.093206,-42.740459
1786244692000,277.019185,-32.907925,-36.065405
1786244752000,275.109390,-37.407966,-43.467006
1786244812000,282.489492,-24.403625,-28.816392
1786244872000,333.409768,-22.739632,-26.956236
1786244932000,340.809950,-35.142732,-40.967843
1786244992000,338.032595,-39.599393,-42.060069
1786245052000,358.748067,-29.596613,-37.304019
1786245112000,308.324532,-32.128915,-33.598627
1786245172000,291.000823,-48.892187,-35.385448
1786245232000,269.211603,-37.763907,-40.222241
1786245292000,296.712871,-35.179146,-41.669730
1786245352000,382.538660,-37.887577,-35.112565
1786245412000,309.367352,-26.406864,-31.991731
1786245472000,272.746555,-30.110208,-35.787169
1786245532000,300.788834,-33.364745,-37.819908
1786245592000,277.339193,-34.447036,-40.294475
1786245652000,296.302553,-31.727358,-35.994140
1786245712000,297.483742,-23.387358,-28.735749
1786245772000,285.480956,-29.437348,-34.310647
1786245832000,293.898273,-32.475475,-37.264538
1786245892000,297.758784,-25.960370,-31.418266
1786245952000,300.799335,-27.643815,-32.222422
1786246012000,295.014563,-32.152766,-35.785975
1786246072000,297.280019,-27.629074,-32.503128
1786246132000,309.157825,-17.960519,-23.543442
1786246192000,305.346034,-25.746050,-30.651495
1786246252000,297.820271,-31.782320,-36.710548
1786246312000,305.864377,-19.725241,-25.526920
1786246372000,299.905729,-29.976099,-35.163930
1786246432000,296.201931,-38.299595,-41.321253
1786246492000,308.741547,-24.603009,-29.283950
1786246552000,311.750437,-21.280896,-27.098345
1786246612000,314.086689,-21.051331,-26.012055
1786246672000,310.486163,-24.485685,-29.961476
1786246732000,309.862798,-27.667612,-32.688509
1786246792000,308.868105,-28.173956,-33.352495
1786246852000,300.195887,-37.397448,-42.594971
1786246912000,311.387046,-29.005986,-33.828603
1786246972000,319.265872,-17.488335,-22.853647
1786247032000,313.816662,-30.409847,-35.824187
1786247092000,304.405340,-30.753271,-36.378510
1786247152000,290.009087,-21.379185,-27.237611
1786247212000,318.372630,-21.325743,-27.194085
1786247272000,336.242348,-16.953651,-22.680914
1786247332000,309.246492,-22.173422,-27.563422
1786247392000,333.339590,-25.580042,-30.998556
1786247452000,312.614133,-19.731838,-25.021218
1786247512000,260.744761,-25.870728,-30.977216
1786247572000,316.495510,-27.117834,-32.402581
1786247632000,330.395783,-27.941752,-33.272786
1786247692000,309.609189,-31.873028,-37.028180
1786247752000,332.956107,-22.866414,-28.067521
1786247812000,327.581377,-19.933259,-25.321471
1786247872000,333.174904,-19.713698,-25.151150
1786247932000,332.906780,-17.772139,-23.453785
1786247992000,322.168888,-24.691335,-30.348409
1786248052000,322.229536,-32.129491,-37.539011
1786248112000,321.002151,-31.452938,-36.897933
1786248172000,340.655764,-15.764454,-21.255925
1786248232000,334.067693,-18.634849,-24.467370
1786248292000,321.825954,-36.559793,-41.832883
1786248352000,328.628467,-26.620367,-31.109550
1786248412000,333.128140,-23.922081,-29.186183
1786248472000,328.455722,-31.578719,-37.283510
1786248532000,328.657800,-24.792626,-30.251633
1786248592000,348.320248,-21.812165,-27.311261
1786248652000,313.249044,-20.650510,-26.220486
1786248712000,349.750825,-22.385755,-27.881230
1786248772000,426.114730,-26.243727,-31.794522
1786248832000,354.012352,-23.314806,-28.950828
1786248892000,327.854897,-18.873604,-24.656004
1786248952000,349.472123,-18.102222,-23.991259
1786249012000,337.650674,-17.742661,-23.436910
1786249072000,355.481285,-15.440518,-21.293858
1786249132000,345.547483,-19.539915,-25.153038
1786249192000,344.177573,-22.011112,-27.944303
1786249252000,350.161772,-18.723787,-24.652153
1786249312000,347.153705,-17.877329,-23.544384
1786249372000,350.662367,-20.645229,-26.844808
1786249432000,346.691316,-20.092380,-25.434083
1786249492000,356.386435,-14.987821,-21.869914
1786249552000,349.083093,-20.032629,-25.035207
1786249612000,351.258047,-20.765738,-21.553569
1786249672000,354.113223,-19.391238,-24.365272
1786249732000,341.640200,-28.461711,-35.093478
1786249792000,349.465743,-29.630454,-34.688489
1786249852000,338.791408,-28.701522,-34.606463
1786249912000,356.264639,-27.445823,-32.889654
1786249972000,355.428982,-22.305922,-28.313160
1786250032000,316.699296,-17.999736,-24.211988
1786250092000,352.972939,-15.022290,-20.958031
1786250152000,369.996650,-15.755559,-21.759978
1786250212000,352.190413,-19.135228,-24.835210
1786250272000,362.030240,-20.166901,-26.140147
1786250332000,360.583693,-18.659578,-24.457767
1786250392000,359.818588,-22.955811,-28.646026
1786250452000,361.538485,-21.556874,-27.248076
1786250512000,359.397141,-22.346809,-27.918075
1786250572000,352.922188,-31.736996,-37.289033
1786250632000,351.744670,-26.608105,-32.008502
1786250692000,358.494569,-25.547676,-31.170727
1786250752000,360.161364,-26.737621,-32.469187
1786250812000,366.591951,-16.855090,-22.483517
1786250872000,362.606544,-19.748790,-25.500570
1786250932000,358.891162,-22.303431,-27.972486
1786250992000,364.515335,-18.934955,-24.614810
1786251052000,350.194652,-23.614715,-29.330876
1786251112000,350.215019,-22.318101,-27.932038
1786251172000,368.829671,-18.304177,-24.173954
1786251232000,367.309271,-19.437671,-25.007943
1786251292000,371.196489,-19.231145,-25.078974
1786251352000,373.883201,-18.495655,-25.172769
1786251412000,365.911338,-19.721066,-25.607059
1786251472000,370.478766,-23.203106,-28.808383
1786251532000,375.225465,-19.807861,-25.755866
1786251592000,379.292158,-15.085437,-20.778438
1786251652000,376.965283,-19.287338,-25.113278
1786251712000,373.534087,-18.490090,-24.336030
1786251772000,380.369552,-16.810383,-22.654386
1786251832000,379.864312,-17.515797,-23.416284
1786251892000,381.063630,-17.827116,-23.694690
1786251952000,380.765570,-24.773349,-30.699540
1786252012000,374.949128,-24.397799,-30.262594
1786252072000,379.807298,-18.967493,-24.868196
1786252132000,383.054772,-16.966665,-22.891075
1786252192000,380.027354,-18.956621,-24.881499
1786252252000,378.382085,-22.982050,-28.963231
1786252312000,381.331993,-17.861110,-23.808797
1786252372000,386.285082,-17.111987,-23.057177
1786252432000,380.074517,-22.382727,-28.349014
1786252492000,381.214799,-23.899320,-29.855859
1786252552000,394.028742,-21.845529,-27.851796
1786252612000,387.274166,-18.216234,-24.268985
1786252672000,382.404719,-17.985163,-24.039540
1786252732000,387.156769,-17.778022,-23.842980
1786252792000,385.067135,-17.411037,-23.462922
1786252852000,386.713725,-17.526860,-23.624561
1786252912000,382.150515,-22.224455,-28.304001
1786252972000,383.989068,-20.247925,-26.346357
1786253032000,387.466936,-17.784791,-23.934963
1786253092000,379.444787,-25.419244,-31.525822
1786253152000,385.994670,-19.799879,-25.938892
1786253212000,390.445109,-15.464928,-21.552786
1786253272000,389.325930,-16.979151,-23.175089
1786253332000,391.216270,-16.052201,-22.164215
1786253392000,388.917097,-17.792811,-23.918469
1786253452000,391.924949,-15.980195,-22.223388
1786253512000,390.446207,-16.912691,-22.959669
1786253572000,384.912980,-17.012801,-23.456003
1786253632000,380.386572,-22.671489,-28.636336
1786253692000,384.356220,-23.490937,-30.026160
1786253752000,397.930305,-12.329856,-20.382846
1786253812000,392.753555,-15.166371,-21.737804
1786253872000,385.810107,-18.001001,-24.014804
1786253932000,393.907240,-14.936746,-21.384230
1786253992000,396.395945,-14.709024,-20.848101
1786254052000,392.721197,-17.383458,-23.791974
1786254112000,387.326429,-23.862150,-30.070889
1786254172000,391.473706,-19.907049,-26.310692
1786254232000,398.998789,-14.975734,-21.181627
1786254292000,395.179404,-17.203027,-23.543416
1786254352000,397.311528,-14.610645,-20.993696
1786254412000,397.121697,-15.977433,-22.174647
1786254472000,391.731870,-20.926826,-27.601938
1786254532000,396.591346,-17.566107,-23.436392
1786254592000,397.076980,-15.471705,-22.591793
1786254652000,397.627056,-17.266680,-22.841635
1786254712000,395.372485,-22.837717,-24.791652
1786254772000,392.592288,-23.326312,-28.852862
1786254832000,398.336698,-14.834823,-22.136957
1786254892000,393.143351,-18.290620,-24.102254
1786254952000,399.319742,-14.806122,-21.759902
1786255012000,401.410155,-15.067096,-21.482095
1786255072000,388.147659,-27.417555,-33.800362
1786255132000,394.630027,-21.517569,-28.584110
1786255192000,395.875455,-21.353982,-27.172773
1786255252000,400.197770,-15.681187,-23.232747
1786255312000,401.705324,-17.100157,-22.586931
1786255372000,392.157328,-31.636424,-32.018336
1786255432000,402.520132,-16.526400,-21.962549
1786255492000,403.726457,-13.377388,-21.187237
1786255552000,401.774070,-17.739443,-23.266067
1786255612000,403.068375,-14.263013,-21.970529
1786255672000,399.158668,-20.702134,-26.425205
1786255732000,404.207305,-16.172533,-23.840380
1786255792000,402.058541,-12.694190,-24.547256
1786255852000,399.418022,-16.831848,-24.317354
1786255912000,402.621837,-19.380508,-25.465478
1786255972000,408.504371,-14.793357,-21.982280
1786256032000,409.451873,-13.542121,-19.967077
1786256092000,404.683917,-19.529384,-26.466062
1786256152000,409.439934,-15.572230,-22.303227
1786256212000,412.103727,-13.079471,-19.847512
1786256272000,410.679220,-15.126927,-22.030873
1786256332000,405.796815,-20.190020,-26.948770
1786256392000,406.047549,-20.801530,-27.750186
1786256452000,412.401294,-14.920108,-21.701273
1786256512000,414.816865,-13.093480,-19.970852
1786256572000,416.420217,-12.173645,-19.050082
1786256632000,413.244689,-15.587304,-22.420714
1786256692000,419.371234,-10.730097,-17.620333
1786256752000,415.202832,-14.180442,-21.010687
1786256812000,405.680636,-25.630184,-32.511869
1786256872000,415.062555,-15.850720,-22.691462
1786256932000,417.325145,-14.189236,-21.048894
1786256992000,417.779756,-15.658547,-22.553482
1786257052000,418.180929,-13.205149,-20.093228
1786257112000,419.380914,-16.263426,-23.219565
1786257172000,417.845333,-13.960884,-20.941145
1786257232000,416.091305,-20.585682,-27.610123
1786257292000,413.343926,-21.673042,-28.645328
1786257352000,419.411664,-14.562347,-21.536512
1786257412000,425.438564,-15.767300,-22.793497
1786257472000,411.660927,-13.734720,-20.716999
1786257532000,506.547549,-11.644668,-18.683942
1786257592000,604.007852,-11.558162,-18.522854
1786257652000,631.276373,-11.235555,-18.284841
1786257712000,768.402320,-12.525700,-19.531605
1786257772000,828.379281,-12.843545,-19.872334
1786257832000,779.544743,-12.603621,-19.757808
1786257892000,789.034456,-11.974882,-18.951721
1786257952000,785.430061,-12.073269,-19.350846
1786258012000,784.534797,-12.051154,-19.045647
1786258072000,787.883789,-12.215869,-19.453534
1786258132000,780.744211,-14.550444,-21.730140
1786258192000,787.804596,-12.246717,-19.184811
1786258252000,785.059094,-10.895366,-18.511113
1786258312000,785.148585,-13.745139,-20.303348
1786258372000,787.598026,-10.897492,-19.056349
1786258432000,783.494510,-14.570613,-20.829533
1786258492000,786.628928,-17.074056,-18.798378
1786258552000,782.577687,-15.472413,-21.847162
1786258612000,774.629280,-21.682726,-30.005679
1786258672000,783.513464,-15.248006,-22.028556
1786258732000,785.809073,-9.529032,-17.445234
1786258792000,784.341596,-13.815652,-21.058375
1786258852000,784.386152,-12.933400,-20.415164
1786258912000,782.200037,-10.459199,-17.986445
1786258972000,784.335835,-10.420037,-17.789138
1786259032000,784.617310,-14.241400,-21.995870
1786259092000,786.345960,-9.258910,-16.697737
1786259152000,745.882656,-12.408793,-20.084027
1786259212000,729.290127,-21.221051,-28.782964
1786259272000,785.635640,-11.705455,-19.208259
1786259332000,786.411393,-9.980720,-17.554094
1786259392000,768.402240,-11.818430,-19.314945
1786259452000,785.555165,-10.297694,-17.871489
1786259512000,785.695101,-12.142257,-19.646049
1786259572000,785.916401,-9.779837,-17.341358
1786259632000,786.633816,-10.690683,-18.259684
1786259692000,786.531926,-9.899449,-17.478360
1786259752000,784.342568,-11.576824,-19.189475
1786259812000,778.976388,-13.646274,-21.286323
1786259872000,785.222318,-8.910859,-16.648365
1786259932000,788.315869,-10.849878,-18.556117
1786259992000,781.237171,-11.678260,-19.374427
1786260052000,774.889323,-9.698948,-17.443408
1786260112000,778.860334,-9.344692,-17.069749
1786260172000,783.945161,-7.647516,-15.342397
1786260232000,784.694543,-9.077805,-16.773970
1786260292000,787.969030,-9.472677,-17.207512
1786260352000,783.474557,-12.182566,-19.891373
1786260412000,781.319521,-13.703435,-21.540135
1786260472000,786.977280,-8.887721,-16.949160
1786260532000,782.174241,-10.731092,-18.602243
1786260592000,781.225070,-12.556676,-20.467199
1786260652000,782.832356,-10.415494,-18.459788
1786260712000,780.510882,-10.689900,-18.616235
1786260772000,781.837827,-10.035942,-17.991418
1786260832000,777.915060,-10.803587,-18.584993
1786260892000,782.549343,-10.551888,-18.585657
1786260952000,785.652324,-11.023304,-18.741929
1786261012000,782.666335,-11.653273,-18.626501
1786261072000,786.305206,-9.169038,-16.921499
1786261132000,783.112315,-11.633521,-19.722334
1786261192000,784.425932,-10.916032,-18.764885
1786261252000,783.806084,-10.180310,-18.241438
1786261312000,778.828346,-17.244456,-25.206869
1786261372000,785.213000,-15.490535,-23.485429
1786261432000,786.929727,-9.623494,-17.621802
1786261492000,782.782641,-10.111273,-18.074182
1786261552000,785.835159,-9.834677,-17.858009
1786261612000,785.504721,-9.139567,-17.123468
1786261672000,783.063750,-10.024029,-18.012576
1786261732000,786.391251,-11.182353,-19.090071
1786261792000,779.057965,-10.291878,-18.217003
1786261852000,794.009406,-7.220784,-15.143777
1786261912000,821.735727,-9.985765,-17.910483
1786261972000,789.853698,-14.822105,-22.795770
1786262032000,770.608198,-12.642847,-20.514926
1786262092000,795.197107,-9.965589,-17.910804
1786262152000,774.699067,-8.382698,-16.247994
1786262212000,797.288635,-6.461586,-14.373910
1786262272000,867.398350,-8.223478,-16.221480
1786262332000,829.756385,-10.498422,-18.355726
1786262392000,778.381139,-10.330251,-18.379331
1786262452000,785.738962,-9.915480,-17.558992
1786262512000,783.043245,-9.609391,-17.717392
1786262572000,784.645485,-8.377143,-17.481085
1786262632000,786.493251,-7.192560,-15.317845
1786262692000,783.099481,-9.883726,-17.618136
1786262752000,777.347552,-15.011295,-23.062000
1786262812000,778.131245,-10.350655,-18.166646
1786262872000,777.128164,-6.906722,-14.872375
1786262932000,772.645427,-12.470214,-20.417537
1786262992000,792.442467,-6.619503,-14.578766
1786263052000,785.915830,-9.552240,-17.589710
1786263112000,771.736151,-18.424004,-26.390609
1786263172000,784.614139,-9.300817,-17.359496
1786263232000,782.893676,-8.757476,-16.766141
1786263292000,783.847212,-8.625400,-16.635390
1786263352000,786.472921,-5.626349,-13.678724
1786263412000,782.797244,-9.162638,-17.147712
1786263472000,783.108181,-8.583810,-16.687194
1786263532000,778.534591,-13.648571,-21.740936
1786263592000,780.708660,-10.114257,-18.312069
1786263652000,785.650244,-6.840793,-15.047284
1786263712000,774.365053,-15.883843,-24.062778
1786263772000,771.332137,-9.060165,-17.392069
1786263832000,786.119618,-4.157706,-12.269376
1786263892000,774.981143,-14.837984,-23.287093
1786263952000,766.673567,-14.039027,-22.268832
1786264012000,781.296100,-7.112850,-15.458049
1786264072000,779.452235,-9.931848,-18.408420
1786264132000,780.227935,-8.787321,-16.719991
1786264192000,779.770022,-7.942367,-16.944819
1786264252000,776.433164,-12.346630,-19.862783
1786264312000,777.543004,-8.611257,-18.076721
1786264372000,774.500568,-6.719852,-20.870147
1786264432000,778.218196,-7.593052,-17.255501
1786264492000,779.102149,-6.979935,-14.283835
1786264552000,779.785890,-6.771769,-16.288951
1786264612000,777.869748,-6.037104,-13.668577
1786264672000,773.766531,-12.697836,-21.970147
1786264732000,766.220911,-14.955178,-27.988100
1786264792000,775.654161,-6.329943,-17.230023
1786264852000,781.144704,-3.866332,-12.604801
1786264912000,764.040981,-14.626465,-23.752135
1786264972000,774.998913,-19.049610,-27.863825
1786265032000,767.569774,-7.339133,-16.415843
1786265092000,782.407177,-5.464183,-14.190546
1786265152000,768.795645,-8.406714,-17.555276
1786265212000,740.512532,-5.826952,-15.590626
1786265272000,785.075754,-8.795326,-17.825931
1786265332000,750.568850,-6.251574,-15.229283
1786265392000,799.894007,-5.055457,-13.848955
1786265452000,732.622277,-9.619738,-18.991139
1786265512000,420.581804,-7.442063,-15.686101
1786265572000,349.197864,-9.740431,-19.435571
1786265632000,361.932435,-16.500833,-29.653175
1786265692000,366.158266,-13.399004,-23.167110
1786265752000,425.145759,-5.863266,-14.171258
1786265812000,404.852112,-5.252517,-14.727929
1786265872000,408.743361,-6.687363,-15.314191
1786265932000,398.069838,-8.610466,-17.756681
1786265992000,395.139429,-11.796442,-20.835778
1786266052000,421.972696,-6.608520,-15.541268
1786266112000,402.515776,-3.518944,-12.750959
1786266172000,416.418838,-7.041541,-16.063729
1786266232000,439.039629,-5.210031,-14.334130
1786266292000,414.463862,-4.151609,-13.297055
1786266352000,408.278220,-5.711208,-14.744818
1786266412000,422.685964,-4.106968,-13.435871
1786266472000,413.389574,-3.350335,-12.575431
1786266532000,398.522753,-13.802956,-23.038641
1786266592000,394.645925,-22.624340,-31.946039
1786266652000,404.176212,-12.529593,-21.433231
1786266712000,410.268340,-5.834739,-15.462013
1786266772000,405.807881,-7.465679,-16.073119
1786266832000,407.907968,-6.326858,-16.414204
1786266892000,406.903958,-7.188856,-20.624559
1786266952000,402.520136,-10.442660,-20.500494
1786267012000,394.053189,-20.297744,-28.798293
1786267072000,394.748288,-17.901052,-27.619094
1786267132000,407.522548,-5.928928,-14.956900
1786267192000,400.683456,-12.318687,-21.784898
1786267252000,399.190722,-13.075455,-22.303797
1786267312000,407.812213,-5.893206,-15.105885
1786267372000,399.533801,-7.139202,-16.570543
1786267432000,409.441101,-4.482490,-13.742156
1786267492000,407.389560,-2.955169,-12.418578
1786267552000,384.494439,-4.866800,-14.202696
1786267612000,405.712878,-4.568894,-14.027795
1786267672000,408.358564,-4.605559,-14.015079
1786267732000,395.085863,-6.762110,-16.227832
1786267792000,406.584937,-6.863055,-16.265365
1786267852000,403.406076,-4.500281,-13.593951
1786267912000,409.334840,-6.136804,-15.437272
1786267972000,399.446390,-5.854023,-15.160707
1786268032000,394.167980,-2.903355,-12.169235
1786268092000,401.088016,-4.105431,-13.424079
1786268152000,407.488415,-6.785479,-16.074824
1786268212000,425.498161,-5.529958,-14.849548
1786268272000,403.910036,-3.114061,-12.384243
1786268332000,535.243930,-5.989359,-15.281357
1786268392000,754.724400,-5.898996,-15.214843
1786268452000,769.126632,-2.267333,-11.555818
1786268512000,746.191198,-6.580455,-15.884417
1786268572000,762.825377,-10.449061,-19.764301
1786268632000,754.042160,-6.250231,-15.568910
1786268692000,761.145770,-5.103889,-14.404647
1786268752000,759.825386,-5.528982,-14.853945
1786268812000,800.945483,-2.757764,-12.111644
1786268872000,898.269102,-5.380632,-14.773203
1786268932000,964.303302,-5.197378,-14.658277
1786268992000,1027.873862,-3.811382,-13.279544
1786269052000,1100.602070,-10.473957,-20.020200
1786269112000,1107.041543,-10.356571,-19.987940
1786269172000,1104.704650,-7.168040,-16.741679
1786269232000,1118.755227,-5.244188,-14.793705
1786269292000,1103.536478,-5.568433,-15.127877
1786269352000,1094.248470,-16.937574,-26.494861
1786269412000,1094.471233,-16.937022,-26.514983
1786269472000,1101.794412,-5.461539,-15.027339
1786269532000,1102.033020,-6.651787,-16.268526
1786269592000,1096.699106,-7.398982,-17.061970
1786269652000,1100.940145,-4.375312,-13.988841
1786269712000,1094.723209,-6.740007,-16.396298
1786269772000,1097.394565,-5.400172,-15.101108
1786269832000,1090.019077,-8.705454,-18.366141
1786269892000,1089.447904,-10.908187,-20.569912
1786269952000,1080.447287,-5.361043,-15.004686
1786270012000,1005.820993,-6.900139,-16.536373
1786270072000,1010.812593,-4.477106,-14.151289
1786270132000,1086.778157,-5.001382,-14.675011
1786270192000,1086.973256,-7.307792,-17.029217
1786270252000,1082.371248,-5.182203,-14.924183
1786270312000,1081.289103,-11.243865,-20.960813
1786270372000,1067.807391,-6.256302,-16.037143
1786270432000,1086.175726,-4.406088,-14.169948
1786270492000,1070.349777,-10.727158,-20.528578
1786270552000,1054.583497,-5.594979,-15.458676
1786270612000,1079.630954,-4.293269,-13.922814
1786270672000,1078.514028,-4.048983,-13.522360
1786270732000,1076.642865,-4.641112,-14.056323
1786270792000,1074.654021,-4.112452,-13.322350
1786270852000,1069.563959,-2.503332,-11.607294
1786270912000,1067.833941,-6.852036,-15.850925
1786270972000,1066.194228,-4.493555,-13.307870
1786271032000,1066.424834,-6.794833,-15.498550
1786271092000,1049.613737,-11.912886,-20.517601
1786271152000,1079.251960,-6.103732,-14.587118
1786271212000,1050.210964,-3.301264,-11.658304
1786271272000,980.716487,-7.156161,-15.417244
1786271332000,1043.565959,-7.961041,-16.125627
1786271392000,1073.440323,-5.126112,-13.156646
1786271452000,1048.803604,-7.622715,-15.587101
1786271512000,1059.246703,-7.802700,-15.697819
1786271572000,1055.838724,-7.565627,-15.291982
1786271632000,1043.961021,-11.199555,-18.806389
1786271692000,1045.307240,-9.260034,-16.778923
1786271752000,1073.286051,-11.268843,-18.630322
1786271812000,1059.128637,-9.203812,-16.406224
1786271872000,1035.734192,-4.617774,-11.649710
1786271932000,1046.083704,-7.475983,-14.403534
1786271992000,1029.904791,-5.352293,-12.211052
1786272052000,1054.503902,-5.790296,-12.496908
1786272112000,1084.237446,-8.553815,-15.167433
1786272172000,1045.603617,-10.357163,-16.796077
1786272232000,1030.155655,-12.414424,-18.618037
1786272292000,1037.808329,-11.993232,-18.162111
1786272352000,1029.377620,-14.271593,-20.347269
1786272412000,1034.846568,-9.171380,-15.072499
1786272472000,1038.003884,-5.777145,-11.591158
1786272532000,1028.951984,-10.498193,-16.184619
1786272592000,1034.117456,-7.591488,-13.145712
1786272652000,1025.668619,-10.858175,-16.290545
1786272712000,999.731596,-13.956017,-19.284115
1786272772000,1007.482170,-8.502346,-13.719620
1786272832000,1023.214486,-10.158585,-15.200692
1786272892000,1021.275149,-10.743683,-15.679297
1786272952000,1019.533755,-12.859455,-17.692133
1786273012000,1017.869918,-13.442530,-18.156447
1786273072000,1018.774536,-9.905107,-14.467781
1786273132000,1013.472023,-15.161859,-19.621258
1786273192000,1006.629149,-19.643249,-24.028402
1786273252000,1006.483397,-19.393673,-23.598618
1786273312000,1013.676054,-10.490573,-14.640096
1786273372000,1015.518482,-7.211385,-11.142172
1786273432000,1002.086137,-19.088311,-22.921094
1786273492000,1000.695266,-19.781278,-23.492793
1786273552000,1006.848550,-11.146684,-14.560298
1786273612000,1010.918760,-7.236784,-10.850506
1786273672000,1003.380800,-18.843899,-21.902331
1786273732000,989.994816,-26.862839,-30.292607
1786273792000,997.793241,-13.177041,-19.076851
1786273852000,997.424395,-11.572251,-17.787424
1786273912000,990.912475,-17.726511,-22.980364
1786273972000,992.328499,-13.493736,-19.505070
1786274032000,994.439908,-10.710519,-15.950493
1786274092000,996.483216,-11.056514,-13.689315
1786274152000,991.208655,-12.190850,-14.170860
1786274212000,994.543263,-12.777480,-15.014071
1786274272000,985.224998,-13.021874,-15.043867
1786274332000,967.719410,-12.863293,-14.971456
1786274392000,982.570653,-12.024200,-14.010785
1786274452000,993.621994,-10.397799,-12.365646
1786274512000,981.884749,-11.522298,-13.571050
1786274572000,985.563804,-12.322938,-14.332323
1786274632000,980.360532,-14.206745,-16.310765
1786274692000,967.613017,-22.611898,-24.647390
1786274752000,977.256464,-19.633849,-21.721211
1786274812000,970.886502,-11.839501,-13.934046
1786274872000,970.279602,-12.773050,-14.821307
1786274932000,970.966700,-10.282822,-12.426428
1786274992000,974.330901,-11.006900,-13.070506
1786275052000,968.784558,-15.161585,-17.295886
1786275112000,962.612645,-13.415239,-15.470883
1786275172000,982.734517,-12.924215,-14.976235
1786275232000,945.330746,-12.415066,-14.542007
1786275292000,992.815353,-13.431490,-15.414256
1786275352000,925.099953,-20.627740,-22.765095
1786275412000,622.901748,-20.289330,-22.123506
1786275472000,573.344689,-13.105750,-15.351266
1786275532000,621.949421,-11.564033,-13.437757
1786275592000,584.425095,-13.662394,-13.798931
1786275652000,605.638442,-13.448880,-15.396242
1786275712000,596.908253,-12.527840,-15.962305
1786275772000,588.847968,-16.763001,-18.837541
1786275832000,603.680991,-13.714957,-15.792196
1786275892000,614.545981,-8.762597,-10.968816
1786275952000,600.501875,-15.498862,-17.527872
1786276012000,586.892502,-12.924099,-15.060686
1786276072000,593.443597,-10.841520,-12.890378
1786276132000,588.586135,-14.096275,-16.213132
1786276192000,591.071789,-12.624404,-14.694525
1786276252000,584.524199,-15.354481,-17.432935
1786276312000,590.672739,-8.603881,-10.694707
1786276372000,588.767033,-14.790245,-16.873467
1786276432000,571.628624,-25.753105,-27.907431
1786276492000,579.595585,-15.730679,-17.851374
1786276552000,577.763954,-18.883075,-20.990091
1786276612000,580.612940,-16.956697,-19.092098
1786276672000,580.745997,-14.845169,-16.970627
1786276732000,569.180043,-26.151910,-28.330354
1786276792000,571.104879,-23.129702,-25.317588
1786276852000,576.290671,-16.605232,-18.834934
1786276912000,581.732760,-11.625180,-14.110717
1786276972000,577.469325,-13.715281,-16.137144
1786277032000,580.633157,-9.991681,-12.412639
1786277092000,576.208953,-12.089688,-14.686615
1786277152000,559.955962,-29.545064,-31.964533
1786277212000,574.270963,-17.207368,-19.708040
1786277272000,576.141118,-10.693346,-13.238739
1786277332000,566.520872,-18.264568,-20.635526
1786277392000,573.125932,-12.108950,-14.492057
1786277452000,565.053452,-18.687287,-21.045215
1786277512000,559.479952,-22.871794,-25.249934
1786277572000,564.325267,-18.594156,-20.988493
1786277632000,562.741442,-17.302654,-19.801424
1786277692000,562.518109,-18.853438,-21.546143
1786277752000,565.290404,-20.472390,-23.096174
1786277812000,565.478937,-14.015694,-16.449586
1786277872000,570.700470,-7.942324,-10.303580
1786277932000,571.058305,-12.515407,-14.865769
1786277992000,552.875989,-26.072954,-28.394157
1786278052000,553.848973,-20.485206,-22.796305
1786278112000,564.632927,-9.364163,-11.661779
1786278172000,550.866416,-20.976768,-23.269921
1786278232000,556.011446,-21.999795,-24.293323
1786278292000,570.063459,-12.068377,-14.346994
1786278352000,559.272562,-11.614945,-13.940739
1786278412000,556.000746,-13.914454,-16.290802
1786278472000,554.269293,-19.441697,-21.806125
1786278532000,549.298906,-20.046148,-22.393962
1786278592000,557.305236,-14.418115,-16.776109
1786278652000,557.651232,-20.770847,-23.129699
1786278712000,549.609440,-22.099611,-24.460692
1786278772000,552.543037,-12.392576,-14.759749
1786278832000,551.417413,-16.876516,-19.239851
1786278892000,545.396274,-16.017861,-18.379788
1786278952000,554.695459,-13.388618,-15.734735
1786279012000,536.755890,-21.323968,-23.650865
1786279072000,519.341775,-12.112650,-14.459024
1786279132000,548.671782,-8.706706,-11.092578
1786279192000,547.518534,-22.024074,-24.380421
1786279252000,537.867110,-20.879445,-23.241659
1786279312000,550.938621,-14.218378,-16.593262
1786279372000,549.810779,-10.341362,-12.715155
1786279432000,550.980554,-10.078804,-12.506113
1786279492000,548.898370,-12.129721,-14.445118
1786279552000,549.175871,-9.179994,-11.403345
1786279612000,542.797525,-18.191880,-20.389815
1786279672000,531.524197,-24.801864,-26.993648
1786279732000,539.049690,-21.393849,-23.634217
1786279792000,537.573215,-23.575400,-25.822135
1786279852000,537.601831,-15.793474,-18.148189
1786279912000,541.802520,-6.925555,-9.334419
1786279972000,532.320915,-10.695784,-13.002975
1786280032000,535.167034,-16.403997,-18.554084
1786280092000,542.362889,-14.007112,-16.305893
1786280152000,541.103342,-9.571755,-11.778871
1786280212000,544.587018,-9.861464,-12.038918
1786280272000,536.479564,-13.523835,-15.863692
1786280332000,536.273332,-15.913493,-18.016765
1786280392000,538.624424,-11.966746,-14.436943
1786280452000,534.641216,-12.573520,-14.695623
1786280512000,545.941783,-6.419763,-8.797740
1786280572000,531.086737,-11.824096,-14.144608
1786280632000,526.316868,-26.059648,-28.081485
1786280692000,533.641027,-8.633557,-11.336210
1786280752000,537.744541,-4.233108,-5.971879
1786280812000,533.764388,-14.160807,-17.026682
1786280872000,526.280014,-10.291055,-12.048175
1786280932000,544.780815,-8.451863,-10.867155
1786280992000,510.567081,-8.912990,-11.567747
1786281052000,561.952068,-9.257054,-10.527447
1786281112000,500.616974,-9.052487,-13.007506
1786281172000,202.404788,-9.813072,-10.062722
1786281232000,145.788219,-8.237661,-12.499600
1786281292000,180.220267,-19.843123,-20.920807
1786281352000,159.420065,-11.044871,-12.936020
1786281412000,178.414263,-2.233435,-7.388652
1786281472000,172.351425,-16.617228,-13.091467
1786281532000,209.113836,0.665654,-10.794538
1786281592000,178.601027,-21.755230,-11.832674
1786281652000,161.485208,4.383237,-12.125196
1786281712000,177.717971,67.098958,-11.799659
1786281772000,157.639144,-0.625592,-17.008257
1786281832000,177.446627,-21.135451,-11.135609
1786281892000,162.733023,0.861368,-10.521474
1786281952000,170.353511,-24.307682,-20.571770
1786282012000,154.755313,-14.321081,-19.332232
1786282072000,176.794089,-15.390230,-17.213488
1786282132000,283.914539,-14.491598,-15.472475
1786282192000,225.722910,-7.244138,-11.403218
1786282252000,158.452857,-17.836343,-17.956825
1786282312000,179.934691,-11.605302,-15.446485
1786282372000,165.063584,-7.953087,-9.080328
1786282432000,169.645801,-10.435601,-12.933397
1786282492000,166.878215,-8.822433,-11.114918
1786282552000,160.750190,-10.805688,-12.439361
1786282612000,171.042805,-7.705883,-10.455675
1786282672000,167.122557,-9.349789,-10.937794
1786282732000,168.290984,-12.832068,-15.389254
1786282792000,167.510445,-8.266691,-10.149179
1786282852000,167.622958,-8.918186,-11.009060
1786282912000,171.314527,-4.344686,-6.504161
1786282972000,165.322141,-10.148214,-12.155031
1786283032000,159.119342,-17.385576,-19.736907
1786283092000,163.314880,-9.552901,-11.552253
1786283152000,165.900561,-13.185989,-15.420540
1786283212000,157.639098,-7.957001,-9.960802
1786283272000,158.077668,-14.309643,-16.376555
1786283332000,156.514015,-25.395265,-27.483802
1786283392000,162.590244,-9.581014,-11.576852
1786283452000,165.017427,-5.124320,-7.246256
1786283512000,123.930946,-5.445912,-7.446611
1786283572000,103.265668,-8.096489,-10.261562
1786283632000,130.720281,-7.909611,-9.982024
1786283692000,166.987812,-7.374893,-9.530623
1786283752000,168.084412,-13.950575,-16.226191
1786283812000,163.843608,-8.198348,-10.319203
1786283872000,171.507067,-13.873440,-16.057927
1786283932000,153.836738,-11.080321,-13.073288
1786283992000,163.929898,-7.877127,-10.120199
1786284052000,144.181777,-17.071881,-18.963743
1786284112000,233.791766,-8.868775,-10.018289
1786284172000,492.909468,-13.135559,-15.198330
1786284232000,555.102991,-12.017509,-14.387640
1786284292000,506.632379,-8.842150,-10.893758
1786284352000,520.638739,-17.171579,-19.470178
1786284412000,512.331734,-10.275743,-12.470663
1786284472000,513.704771,-6.117181,-8.239364
1786284532000,500.444255,-8.542294,-10.529537
1786284592000,501.516169,-25.587433,-27.586461
